Checking "python3" ...
Python 3.12.3
"python3" has been detected
Activating ESP-IDF 5.5
Setting IDF_PATH to '/home/cavac/idf/v5.5.1/esp-idf'.
* Checking python version ... 3.12.3
* Checking python dependencies ... OK
* Deactivating the current ESP-IDF environment (if any) ... OK
* Establishing a new ESP-IDF environment ... OK
* Identifying shell ... bash
* Detecting outdated tools in system ... OK - no outdated tools found
* Shell completion ... Autocompletion code generated

Done! You can now compile ESP-IDF projects.
Go to the project directory and run:

  idf.py build
Executing action: all (aliases: build)
Running ninja in directory /home/cavac/src/tanmatsu/tanmatsu-blinkensisters/build/tanmatsu
Executing "ninja all"...
[1/4] cd /home/cavac/src/tanmatsu/tanmatsu-blinkensisters/build/tanmatsu/esp-idf/esptool_py && /home/cavac/idf/tools-5.5/python_env/idf5.5_py3.12_env/bin/python /home/cavac/idf/v5.5.1/esp-idf/components/partition_table/check_sizes.py --offset 0x8000 partition --type app /home/cavac/src/tanmatsu/tanmatsu-blinkensisters/build/tanmatsu/partition_table/partition-table.bin /home/cavac/src/tanmatsu/tanmatsu-blinkensisters/build/tanmatsu/tanmatsu-blinkensisters.bin
tanmatsu-blinkensisters.bin binary size 0xd1db0 bytes. Smallest app partition is 0x200000 bytes. 0x12e250 bytes (59%) free.
[2/4] Performing build step for 'bootloader'
[1/1] cd /home/cavac/src/tanmatsu/tanmatsu-blinkensisters/build/tanmatsu/bootloader/esp-idf/esptool_py && /home/cavac/idf/tools-5.5/python_env/idf5.5_py3.12_env/bin/python /home/cavac/idf/v5.5.1/esp-idf/components/partition_table/check_sizes.py --offset 0x8000 bootloader 0x2000 /home/cavac/src/tanmatsu/tanmatsu-blinkensisters/build/tanmatsu/bootloader/bootloader.bin
Bootloader binary size 0x4e00 bytes. 0x1200 bytes (19%) free.
[3/4] No install step for 'bootloader'
[4/4] Completed 'bootloader'
--- esp-idf-monitor 1.10.0 on rfc2217://localhost:4001 115200
--- Quit: Ctrl+] | Menu: Ctrl+T | Help: Ctrl+T followed by Ctrl+H
Executing action: monitor
Running idf_monitor in directory /home/cavac/src/tanmatsu/tanmatsu-blinkensisters
Executing "/home/cavac/idf/tools-5.5/python_env/idf5.5_py3.12_env/bin/python /home/cavac/idf/v5.5.1/esp-idf/tools/idf_monitor.py -p rfc2217://localhost:4001 -b 115200 --toolchain-prefix riscv32-esp-elf- --target esp32p4 --revision 1 --decode-panic backtrace /home/cavac/src/tanmatsu/tanmatsu-blinkensisters/build/tanmatsu/tanmatsu-blinkensisters.elf /home/cavac/src/tanmatsu/tanmatsu-blinkensisters/build/tanmatsu/bootloader/bootloader.elf -m '/home/cavac/idf/tools-5.5/python_env/idf5.5_py3.12_env/bin/python' '/home/cavac/idf/v5.5.1/esp-idf/tools/idf.py' '-B' 'build/tanmatsu'"...
ESP-ROM:esp32p4-eco2-20240710
Build:Jul 10 2024
rst:0x17 (CHIP_USB_UART_RESET),boot:0x1c (SPI_FAST_FLASH_BOOT)
Core0 Saved PC:0x4ff03e04
--- 0x4ff03e04: esp_cpu_wait_for_intr at /home/cavac/idf/v5.5.1/esp-idf/components/esp_hw_support/cpu.c:57
Core1 Saved PC:0x4ff03e04
--- 0x4ff03e04: esp_cpu_wait_for_intr at /home/cavac/idf/v5.5.1/esp-idf/components/esp_hw_support/cpu.c:57
SPI mode:DIO, clock div:1
load:0x4ff33e00,len:0x125c
load:0x4ff29ed0,len:0xc48
--- 0x4ff29ed0: call_start_cpu0 at /home/cavac/idf/v5.5.1/esp-idf/components/bootloader/subproject/main/bootloader_start.c:25
load:0x4ff2cbd0,len:0x3698
--- 0x4ff2cbd0: esp_flash_encryption_enabled at /home/cavac/idf/v5.5.1/esp-idf/components/bootloader_support/src/flash_encrypt.c:89
entry 0x4ff29ed0
--- 0x4ff29ed0: call_start_cpu0 at /home/cavac/idf/v5.5.1/esp-idf/components/bootloader/subproject/main/bootloader_start.c:25
[0;32mI (1272) esp_psram: SPI SRAM memory test OK[0m
[0;32mI (1282) cpu_start: Pro cpu start user code[0m
[0;32mI (1282) cpu_start: cpu freq: 360000000 Hz[0m
[0;32mI (1282) app_init: Application information:[0m
[0;32mI (1282) app_init: Project name:     tanmatsu-blinkensisters[0m
[0;32mI (1283) app_init: App version:      5e7ef41-dirty[0m
[0;32mI (1283) app_init: Compile time:     Sep 14 2026 12:54:51[0m
[0;32mI (1283) app_init: ELF file SHA256:  b99642865...[0m
--- WARNING: Checksum mismatch between flashed and built applications. Checksum of built application is 83bed5d1692ac646a806aa0d47ae92e5f38300a944af98384f2a5a3370f73c62
[0;32mI (1283) app_init: ESP-IDF:          v5.5.1[0m
[0;32mI (1283) efuse_init: Min chip rev:     v0.1[0m
[0;32mI (1284) efuse_init: Max chip rev:     v1.99 [0m
[0;32mI (1284) efuse_init: Chip rev:         v1.3[0m
[0;32mI (1284) heap_init: Initializing. RAM available for dynamic allocation:[0m
[0;32mI (1284) heap_init: At 4FF2A2E0 len 00010CE0 (67 KiB): RAM[0m
[0;32mI (1284) heap_init: At 4FF3AFC0 len 00004BF0 (18 KiB): RAM[0m
[0;32mI (1285) heap_init: At 4FF84680 len 0001B980 (110 KiB): RAM[0m
[0;32mI (1285) heap_init: At 50108180 len 00007E80 (31 KiB): RTCRAM[0m
[0;32mI (1285) heap_init: At 30100068 len 00001F98 (7 KiB): TCM[0m
[0;32mI (1286) esp_psram: Adding pool of 32768K of PSRAM memory to heap allocator[0m
[0;32mI (1286) spi_flash: detected chip: winbond[0m
[0;32mI (1287) spi_flash: flash io: qio[0m
[0;32mI (1287) pm: Frequency switching config: CPU_MAX: 360, APB_MAX: 90, APB_MIN: 40, Light sleep: DISABLED[0m
[0;32mI (1288) main_task: Started on CPU0[0m
[0;32mI (1298) esp_psram: Reserving pool of 64K of internal memory for DMA/internal allocations[0m
[0;32mI (1298) main_task: Calling app_main()[0m
[1;31mE (1338) gpio: gpio_install_isr_service(526): GPIO isr service already installed[0m
[0;32mI (1338) ST7701 panel: Install MIPI DSI LCD control IO[0m
[0;32mI (1338) ST7701 panel: Install MIPI DSI LCD data panel[0m
[0;32mI (1338) st7701: version: 1.1.5[0m
[0;32mI (1468) st7701_mipi: LCD ID: FF FF FF[0m
[0;32mI (1468) st7701_mipi:  st7701->madctl_val: 0x0, st7701->colmod_val: 0x55[0m
[0;33mW (3068) ldo: The voltage value 0 is out of the recommended range [500, 2700][0m
[0;32mI (3068) sdcard: Power cycling SD card...[0m
[0;33mW (3068) ldo: The voltage value 0 is out of the recommended range [500, 2700][0m
[0;32mI (3368) sdcard: SD card power cycle complete[0m
[0;32mI (3368) sdcard: Initializing SD card (SDMMC 4-bit mode)[0m
[0;32mI (3368) sdcard: Mounting filesystem[0m
[0;32mI (3518) sdcard: SD card mounted successfully[0m
Name: SE16G
Type: SDHC
Speed: 40.00 MHz (limit: 40.00 MHz)
Size: 15193MB
CSD: ver=2, sector_size=512, capacity=31116288 read_bl_len=9
SSR: bus_width=4
[0;33mW (3528) i2s_platform: i2s controller 0 has been occupied by i2s_driver[0m
[1;31mE (3528) i2s_common: i2s_new_channel(996): no available channel found[0m
[0;32mI (3528) main: game_task started, free heap: 32801228 IRAM: 201655 PSRAM: 32664304[0m
[0;32mI (3548) pal_ppa: PPA compositor up (direct blocking)[0m
[0;32mI (3648) main_task: Returned from app_main()[0m
[0;32mI (3708) pal_screen: PPA flip calibrated: rgb_swap=false byte_swap=false[0m
[0;32mI (3708) pal_screen: Screen initialized: logical 800x480 -> physical 480x800 (PPA rotation)[0m
[0;32mI (3708) pal_font: Hershey font handler initialized[0m
[0;32mI (3708) pal_audio: PAL Audio initialized (mixer: 8 voices, 512-frame blocks)[0m
[0;32mI (3768) drawprim: JPEG: /sd/blinkensisters/V0.5.4/loading.jpg 640x480 (mcu 8x8, padded 640x480), need 921600 bytes[0m
[0;32mI (3848) drawprim: JPEG: loaded /sd/blinkensisters/V0.5.4/loading.jpg (640x480)[0m
[0;32mI (4178) drawprim: Fullscreen: stretched /sd/blinkensisters/V0.5.4/loading.jpg from 640x480 to 800x480[0m
[0;32mI (5038) drawprim: PNG: loaded /sd/blinkensisters/V0.5.4/decrunchingbg.png (640x480)[0m
[0;32mI (5378) drawprim: Fullscreen: stretched /sd/blinkensisters/V0.5.4/decrunchingbg.png from 640x480 to 800x480[0m
[0;32mI (5398) config: /sd/apps/at.cavac.blinkensisters/basedata.bmf: unchanged[0m
[0;32mI (5408) config: /sd/apps/at.cavac.blinkensisters/addons/24c3.bmf: unchanged[0m
[0;32mI (5408) config: /sd/apps/at.cavac.blinkensisters/addons/LostPixels.bmf: unchanged[0m
[0;32mI (5418) config: /sd/apps/at.cavac.blinkensisters/addons/icy.bmf: unchanged[0m
[0;32mI (5418) config: /sd/apps/at.cavac.blinkensisters/addons/mz_escape.bmf: unchanged[0m
[0;32mI (5428) config: /sd/apps/at.cavac.blinkensisters/addons/mz_pnog.bmf: unchanged[0m
[0;32mI (5428) config: /sd/apps/at.cavac.blinkensisters/addons/s23_ivorytower.bmf: unchanged[0m
[0;32mI (5438) config: /sd/apps/at.cavac.blinkensisters/addons/mz_xmas2007.bmf: unchanged[0m
[0;32mI (5548) pal_audio: Loaded FX: /sd/blinkensisters/V0.5.4/fx_collect_pixel.mp3 -> 62208 samples, 2 ch, 44100 Hz[0m
[0;32mI (5668) pal_audio: Loaded FX: /sd/blinkensisters/V0.5.4/fx_kill_monster.mp3 -> 69120 samples, 2 ch, 44100 Hz[0m
[0;32mI (5958) pal_audio: Loaded FX: /sd/blinkensisters/V0.5.4/fx_killed.mp3 -> 175104 samples, 2 ch, 44100 Hz[0m
[0;32mI (6148) pal_audio: Loaded FX: /sd/blinkensisters/V0.5.4/fx_level_finished.mp3 -> 115200 samples, 2 ch, 44100 Hz[0m
[0;33mW (6158) pal_audio: Cannot open FX file: /sd/blinkensisters/V0.5.4/fx_menu.mp3[0m
[0;32mI (6228) pal_audio: Loaded FX: /sd/blinkensisters/V0.5.4/fx_respawnpoint.mp3 -> 43776 samples, 2 ch, 44100 Hz[0m
[0;32mI (6228) pal_audio: fx_menu.mp3 absent; using fx_collect_pixel.mp3 for menu clicks[0m
[0;32mI (6348) drawprim: JPEG: /sd/blinkensisters/V0.5.4/menubg.jpg 640x480 (mcu 16x16, padded 640x480), need 921600 bytes[0m
[0;32mI (6418) drawprim: JPEG: loaded /sd/blinkensisters/V0.5.4/menubg.jpg (640x480)[0m
[0;32mI (6758) drawprim: Fullscreen: stretched /sd/blinkensisters/V0.5.4/menubg.jpg from 640x480 to 800x480[0m
[0;32mI (6798) drawprim: JPEG: /sd/blinkensisters/V0.5.4/menuonlinebg.jpg 640x480 (mcu 16x16, padded 640x480), need 921600 bytes[0m
[0;32mI (6868) drawprim: JPEG: loaded /sd/blinkensisters/V0.5.4/menuonlinebg.jpg (640x480)[0m
[0;32mI (7208) drawprim: Fullscreen: stretched /sd/blinkensisters/V0.5.4/menuonlinebg.jpg from 640x480 to 800x480[0m
[0;32mI (13668) selftest: ==== SELF-TEST START: 7 addon(s) ====[0m
addon: 24c3
[0;32mI (13708) drawprim: JPEG: /sd/blinkensisters/V0.5.4/ADDON/24c3/loading.jpg 640x480 (mcu 8x8, padded 640x480), need 921600 bytes[0m
[0;32mI (13788) drawprim: JPEG: loaded /sd/blinkensisters/V0.5.4/ADDON/24c3/loading.jpg (640x480)[0m
[0;32mI (14118) drawprim: Fullscreen: stretched /sd/blinkensisters/V0.5.4/ADDON/24c3/loading.jpg from 640x480 to 800x480[0m
[0;32mI (14198) selftest: [24c3] "24c3": 2 level(s)[0m
[0;32mI (14198) selftest: [24c3] level 1/2: loading[0m
[0;32mI (14208) drawprim: BMP: loaded /sd/blinkensisters/V0.5.4/ADDON/24c3/monster1_left.bmp (32x64 24bpp)[0m
[0;32mI (14208) drawprim: BMP: loaded /sd/blinkensisters/V0.5.4/ADDON/24c3/monster1_right.bmp (32x64 24bpp)[0m
[0;32mI (14218) drawprim: BMP: loaded /sd/blinkensisters/V0.5.4/ADDON/24c3/monster2_left.bmp (32x64 24bpp)[0m
[0;32mI (14228) drawprim: BMP: loaded /sd/blinkensisters/V0.5.4/ADDON/24c3/monster2_right.bmp (32x64 24bpp)[0m
[0;32mI (14238) drawprim: BMP: loaded /sd/blinkensisters/V0.5.4/ADDON/24c3/monster3_left.bmp (32x64 24bpp)[0m
[0;32mI (14248) drawprim: BMP: loaded /sd/blinkensisters/V0.5.4/ADDON/24c3/monster3_right.bmp (32x64 24bpp)[0m
[0;32mI (14258) drawprim: BMP: loaded /sd/blinkensisters/V0.5.4/ADDON/24c3/monster4_left.bmp (32x64 24bpp)[0m
[0;32mI (14258) drawprim: BMP: loaded /sd/blinkensisters/V0.5.4/ADDON/24c3/monster4_right.bmp (32x64 24bpp)[0m
[0;32mI (14278) drawprim: BMP: loaded /sd/blinkensisters/V0.5.4/ADDON/24c3/monster5_left.bmp (32x128 24bpp)[0m
[0;32mI (14288) drawprim: BMP: loaded /sd/blinkensisters/V0.5.4/ADDON/24c3/monster5_right.bmp (32x128 24bpp)[0m
[0;33mW (14308) drawprim: BMP: cannot open /sd/blinkensisters/V0.5.4/ADDON/24c3/sister_movenone.bmp[0m
Warning: Can't load FgObjGFX 'sister_movenone.bmp' - ignored!
[0;32mI (14328) drawprim: BMP: loaded /sd/blinkensisters/V0.5.4/ADDON/24c3/sister_moveleft.bmp (32x64 24bpp)[0m
[0;33mW (14338) drawprim: BMP: cannot open /sd/blinkensisters/V0.5.4/ADDON/24c3/sister_moveleftup.bmp[0m
Warning: Can't load FgObjGFX 'sister_moveleftup.bmp' - ignored!
[0;33mW (14348) drawprim: BMP: cannot open /sd/blinkensisters/V0.5.4/ADDON/24c3/sister_moveleftdown.bmp[0m
Warning: Can't load FgObjGFX 'sister_moveleftdown.bmp' - ignored!
[0;32mI (14358) drawprim: BMP: loaded /sd/blinkensisters/V0.5.4/ADDON/24c3/sister_moveright.bmp (32x64 24bpp)[0m
[0;33mW (14378) drawprim: BMP: cannot open /sd/blinkensisters/V0.5.4/ADDON/24c3/sister_moverightup.bmp[0m
Warning: Can't load FgObjGFX 'sister_moverightup.bmp' - ignored!
[0;33mW (14388) drawprim: BMP: cannot open /sd/blinkensisters/V0.5.4/ADDON/24c3/sister_moverightdown.bmp[0m
Warning: Can't load FgObjGFX 'sister_moverightdown.bmp' - ignored!
[0;33mW (14398) drawprim: BMP: cannot open /sd/blinkensisters/V0.5.4/ADDON/24c3/sister_moveup.bmp[0m
Warning: Can't load FgObjGFX 'sister_moveup.bmp' - ignored!
[0;33mW (14418) drawprim: BMP: cannot open /sd/blinkensisters/V0.5.4/ADDON/24c3/sister_movedown.bmp[0m
Warning: Can't load FgObjGFX 'sister_movedown.bmp' - ignored!
[0;33mW (14488) drawprim: JPEG: /sd/blinkensisters/V0.5.4/ADDON/24c3/level1.jpg is 794x1123 (pixel count not a multiple of 8); decoding as 792x1123[0m
[0;32mI (14488) drawprim: JPEG: /sd/blinkensisters/V0.5.4/ADDON/24c3/level1.jpg 792x1123 (mcu 16x16, padded 800x1136), need 2726400 bytes[0m
[0;32mI (14698) drawprim: JPEG: loaded /sd/blinkensisters/V0.5.4/ADDON/24c3/level1.jpg (792x1123)[0m
[0;32mI (14728) drawprim: BMP: loaded /sd/blinkensisters/V0.5.4/ADDON/24c3/bath_invis_tiles.bmp (32x288 8bpp)[0m
Init Tiles2D
Number of tile objects: 751
Freeing monster sprites...
[0;33mW (14808) selftest: [24c3] level 1/2: OK, 8 warning/error log line(s), first: W (14308) drawprim: BMP: cannot open /sd/blinkensisters/V0.5.4/ADDON/24c3/sister_movenone.bmp[0m
[0;32mI (14808) selftest: [24c3] level 1/2: free PSRAM 24948868, largest block 24117248, free internal 141807[0m
[0;32mI (14808) selftest: [24c3] level 2/2: loading[0m
[0;32mI (14818) drawprim: BMP: loaded /sd/blinkensisters/V0.5.4/ADDON/24c3/monster1_left.bmp (32x64 24bpp)[0m
[0;32mI (14818) drawprim: BMP: loaded /sd/blinkensisters/V0.5.4/ADDON/24c3/monster1_right.bmp (32x64 24bpp)[0m
[0;32mI (14828) drawprim: BMP: loaded /sd/blinkensisters/V0.5.4/ADDON/24c3/monster2_left.bmp (32x64 24bpp)[0m
[0;32mI (14838) drawprim: BMP: loaded /sd/blinkensisters/V0.5.4/ADDON/24c3/monster2_right.bmp (32x64 24bpp)[0m
[0;32mI (14848) drawprim: BMP: loaded /sd/blinkensisters/V0.5.4/ADDON/24c3/monster3_left.bmp (32x64 24bpp)[0m
[0;32mI (14858) drawprim: BMP: loaded /sd/blinkensisters/V0.5.4/ADDON/24c3/monster3_right.bmp (32x64 24bpp)[0m
[0;32mI (14868) drawprim: BMP: loaded /sd/blinkensisters/V0.5.4/ADDON/24c3/monster4_left.bmp (32x64 24bpp)[0m
[0;32mI (14868) drawprim: BMP: loaded /sd/blinkensisters/V0.5.4/ADDON/24c3/monster4_right.bmp (32x64 24bpp)[0m
[0;32mI (14888) drawprim: BMP: loaded /sd/blinkensisters/V0.5.4/ADDON/24c3/monster5_left.bmp (32x128 24bpp)[0m
[0;32mI (14898) drawprim: BMP: loaded /sd/blinkensisters/V0.5.4/ADDON/24c3/monster5_right.bmp (32x128 24bpp)[0m
[0;33mW (14928) drawprim: BMP: cannot open /sd/blinkensisters/V0.5.4/ADDON/24c3/sister_movenone.bmp[0m
Warning: Can't load FgObjGFX 'sister_movenone.bmp' - ignored!
[0;32mI (14938) drawprim: BMP: loaded /sd/blinkensisters/V0.5.4/ADDON/24c3/sister_moveleft.bmp (32x64 24bpp)[0m
[0;33mW (14948) drawprim: BMP: cannot open /sd/blinkensisters/V0.5.4/ADDON/24c3/sister_moveleftup.bmp[0m
Warning: Can't load FgObjGFX 'sister_moveleftup.bmp' - ignored!
[0;33mW (14958) drawprim: BMP: cannot open /sd/blinkensisters/V0.5.4/ADDON/24c3/sister_moveleftdown.bmp[0m
Warning: Can't load FgObjGFX 'sister_moveleftdown.bmp' - ignored!
[0;32mI (14978) drawprim: BMP: loaded /sd/blinkensisters/V0.5.4/ADDON/24c3/sister_moveright.bmp (32x64 24bpp)[0m
[0;33mW (14988) drawprim: BMP: cannot open /sd/blinkensisters/V0.5.4/ADDON/24c3/sister_moverightup.bmp[0m
Warning: Can't load FgObjGFX 'sister_moverightup.bmp' - ignored!
[0;33mW (14998) drawprim: BMP: cannot open /sd/blinkensisters/V0.5.4/ADDON/24c3/sister_moverightdown.bmp[0m
Warning: Can't load FgObjGFX 'sister_moverightdown.bmp' - ignored!
[0;33mW (15018) drawprim: BMP: cannot open /sd/blinkensisters/V0.5.4/ADDON/24c3/sister_moveup.bmp[0m
Warning: Can't load FgObjGFX 'sister_moveup.bmp' - ignored!
[0;33mW (15028) drawprim: BMP: cannot open /sd/blinkensisters/V0.5.4/ADDON/24c3/sister_movedown.bmp[0m
Warning: Can't load FgObjGFX 'sister_movedown.bmp' - ignored!
[0;32mI (15238) drawprim: JPEG: /sd/blinkensisters/V0.5.4/ADDON/24c3/level2.jpg 900x1200 (mcu 16x16, padded 912x1200), need 3283200 bytes[0m
[0;32mI (15488) drawprim: JPEG: loaded /sd/blinkensisters/V0.5.4/ADDON/24c3/level2.jpg (900x1200)[0m
[0;32mI (15508) drawprim: BMP: loaded /sd/blinkensisters/V0.5.4/ADDON/24c3/level2_tiles.bmp (32x288 8bpp)[0m
Init Tiles2D
Number of tile objects: 371
Tiles2Array took 18 ticks for 371 elements
Starting script for Level 1tom Lua 5.0.2!
[0;32mI (15558) drawprim: BMP: loaded /sd/blinkensisters/V0.5.4/ADDON/24c3/fg_door_closed.bmp (32x32 24bpp)[0m
[0;32mI (15578) drawprim: BMP: loaded /sd/blinkensisters/V0.5.4/ADDON/24c3/fg_door_open.bmp (32x32 24bpp)[0m
[0;32mI (15588) drawprim: BMP: loaded /sd/blinkensisters/V0.5.4/ADDON/24c3/fg_switch_red.bmp (32x32 24bpp)[0m
[0;32mI (15598) drawprim: BMP: loaded /sd/blinkensisters/V0.5.4/ADDON/24c3/fg_switch_green.bmp (32x32 24bpp)[0m
[0;33mW (15598) pal_audio: Cannot open FX file: fx_open_door.mp3[0m
[0;33mW (15598) pal_audio: Cannot open FX file: fx_open_door.mp3[0m
Freeing monster sprites...
[0;33mW (15668) selftest: [24c3] level 2/2: OK, 9 warning/error log line(s), first: W (14928) drawprim: BMP: cannot open /sd/blinkensisters/V0.5.4/ADDON/24c3/sister_movenone.bmp[0m
[0;32mI (15668) selftest: [24c3] level 2/2: free PSRAM 24948868, largest block 24117248, free internal 141807[0m
addon: 
[0;32mI (15718) drawprim: JPEG: /sd/blinkensisters/V0.5.4/loading.jpg 640x480 (mcu 8x8, padded 640x480), need 921600 bytes[0m
[0;32mI (15788) drawprim: JPEG: loaded /sd/blinkensisters/V0.5.4/loading.jpg (640x480)[0m
[0;32mI (16128) drawprim: Fullscreen: stretched /sd/blinkensisters/V0.5.4/loading.jpg from 640x480 to 800x480[0m
addon: LostPixels
[0;32mI (16218) drawprim: JPEG: /sd/blinkensisters/V0.5.4/ADDON/LostPixels/loading.jpg 640x480 (mcu 8x8, padded 640x480), need 921600 bytes[0m
[0;32mI (16288) drawprim: JPEG: loaded /sd/blinkensisters/V0.5.4/ADDON/LostPixels/loading.jpg (640x480)[0m
[0;32mI (16628) drawprim: Fullscreen: stretched /sd/blinkensisters/V0.5.4/ADDON/LostPixels/loading.jpg from 640x480 to 800x480[0m
[0;32mI (17108) selftest: [LostPixels] "Lost Pixels": 21 level(s)[0m
[0;32mI (17108) selftest: [LostPixels] level 1/21: loading[0m
[0;32mI (17118) drawprim: BMP: loaded /sd/blinkensisters/V0.5.4/ADDON/LostPixels/monster1_left.bmp (32x64 24bpp)[0m
[0;32mI (17128) drawprim: BMP: loaded /sd/blinkensisters/V0.5.4/ADDON/LostPixels/monster1_right.bmp (32x64 24bpp)[0m
[0;32mI (17138) drawprim: BMP: loaded /sd/blinkensisters/V0.5.4/ADDON/LostPixels/monster2_left.bmp (32x64 24bpp)[0m
[0;32mI (17158) drawprim: BMP: loaded /sd/blinkensisters/V0.5.4/ADDON/LostPixels/monster2_right.bmp (32x64 24bpp)[0m
[0;32mI (17168) drawprim: BMP: loaded /sd/blinkensisters/V0.5.4/ADDON/LostPixels/monster3_left.bmp (32x64 24bpp)[0m
[0;32mI (17178) drawprim: BMP: loaded /sd/blinkensisters/V0.5.4/ADDON/LostPixels/monster3_right.bmp (32x64 24bpp)[0m
[0;32mI (17188) drawprim: BMP: loaded /sd/blinkensisters/V0.5.4/ADDON/LostPixels/monster4_left.bmp (32x64 24bpp)[0m
[0;32mI (17198) drawprim: BMP: loaded /sd/blinkensisters/V0.5.4/ADDON/LostPixels/monster4_right.bmp (32x64 24bpp)[0m
[0;32mI (17208) drawprim: BMP: loaded /sd/blinkensisters/V0.5.4/ADDON/LostPixels/monster5_left.bmp (32x128 24bpp)[0m
[0;32mI (17228) drawprim: BMP: loaded /sd/blinkensisters/V0.5.4/ADDON/LostPixels/monster5_right.bmp (32x128 24bpp)[0m
[0;33mW (17278) drawprim: BMP: cannot open /sd/blinkensisters/V0.5.4/ADDON/LostPixels/sister_movenone.bmp[0m
Warning: Can't load FgObjGFX 'sister_movenone.bmp' - ignored!
[0;32mI (17298) drawprim: BMP: loaded /sd/blinkensisters/V0.5.4/ADDON/LostPixels/sister_moveleft.bmp (32x64 24bpp)[0m
[0;33mW (17328) drawprim: BMP: cannot open /sd/blinkensisters/V0.5.4/ADDON/LostPixels/sister_moveleftup.bmp[0m
Warning: Can't load FgObjGFX 'sister_moveleftup.bmp' - ignored!
[0;33mW (17358) drawprim: BMP: cannot open /sd/blinkensisters/V0.5.4/ADDON/LostPixels/sister_moveleftdown.bmp[0m
Warning: Can't load FgObjGFX 'sister_moveleftdown.bmp' - ignored!
[0;32mI (17378) drawprim: BMP: loaded /sd/blinkensisters/V0.5.4/ADDON/LostPixels/sister_moveright.bmp (32x64 24bpp)[0m
[0;33mW (17408) drawprim: BMP: cannot open /sd/blinkensisters/V0.5.4/ADDON/LostPixels/sister_moverightup.bmp[0m
Warning: Can't load FgObjGFX 'sister_moverightup.bmp' - ignored!
[0;33mW (17438) drawprim: BMP: cannot open /sd/blinkensisters/V0.5.4/ADDON/LostPixels/sister_moverightdown.bmp[0m
Warning: Can't load FgObjGFX 'sister_moverightdown.bmp' - ignored!
[0;33mW (17478) drawprim: BMP: cannot open /sd/blinkensisters/V0.5.4/ADDON/LostPixels/sister_moveup.bmp[0m
Warning: Can't load FgObjGFX 'sister_moveup.bmp' - ignored!
[0;33mW (17508) drawprim: BMP: cannot open /sd/blinkensisters/V0.5.4/ADDON/LostPixels/sister_movedown.bmp[0m
Warning: Can't load FgObjGFX 'sister_movedown.bmp' - ignored!
[0;32mI (18188) drawprim: JPEG: /sd/blinkensisters/V0.5.4/ADDON/LostPixels/level1.jpg 2528x892 (mcu 16x16, padded 2528x896), need 6795264 bytes[0m
[0;32mI (18718) drawprim: JPEG: loaded /sd/blinkensisters/V0.5.4/ADDON/LostPixels/level1.jpg (2528x892)[0m
[0;32mI (18738) drawprim: BMP: loaded /sd/blinkensisters/V0.5.4/ADDON/LostPixels/bathtiles.bmp (32x288 8bpp)[0m
Init Tiles2D
Number of tile objects: 245
Freeing monster sprites...
[0;33mW (18818) selftest: [LostPixels] level 1/21: OK, 7 warning/error log line(s), first: W (17278) drawprim: BMP: cannot open /sd/blinkensisters/V0.5.4/ADDON/LostPixels/sister_movenone.bmp[0m
[0;32mI (18818) selftest: [LostPixels] level 1/21: free PSRAM 24948868, largest block 24117248, free internal 141807[0m
[0;32mI (18818) selftest: [LostPixels] level 2/21: loading[0m
[0;32mI (18838) drawprim: BMP: loaded /sd/blinkensisters/V0.5.4/ADDON/LostPixels/monster1_left.bmp (32x64 24bpp)[0m
[0;32mI (18848) drawprim: BMP: loaded /sd/blinkensisters/V0.5.4/ADDON/LostPixels/monster1_right.bmp (32x64 24bpp)[0m
[0;32mI (18858) drawprim: BMP: loaded /sd/blinkensisters/V0.5.4/ADDON/LostPixels/monster2_left.bmp (32x64 24bpp)[0m
[0;32mI (18868) drawprim: BMP: loaded /sd/blinkensisters/V0.5.4/ADDON/LostPixels/monster2_right.bmp (32x64 24bpp)[0m
[0;32mI (18878) drawprim: BMP: loaded /sd/blinkensisters/V0.5.4/ADDON/LostPixels/monster3_left.bmp (32x64 24bpp)[0m
[0;32mI (18888) drawprim: BMP: loaded /sd/blinkensisters/V0.5.4/ADDON/LostPixels/monster3_right.bmp (32x64 24bpp)[0m
[0;32mI (18898) drawprim: BMP: loaded /sd/blinkensisters/V0.5.4/ADDON/LostPixels/monster4_left.bmp (32x64 24bpp)[0m
[0;32mI (18908) drawprim: BMP: loaded /sd/blinkensisters/V0.5.4/ADDON/LostPixels/monster4_right.bmp (32x64 24bpp)[0m
[0;32mI (18918) drawprim: BMP: loaded /sd/blinkensisters/V0.5.4/ADDON/LostPixels/monster5_left.bmp (32x128 24bpp)[0m
[0;32mI (18938) drawprim: BMP: loaded /sd/blinkensisters/V0.5.4/ADDON/LostPixels/monster5_right.bmp (32x128 24bpp)[0m
[0;33mW (18988) drawprim: BMP: cannot open /sd/blinkensisters/V0.5.4/ADDON/LostPixels/sister_movenone.bmp[0m
Warning: Can't load FgObjGFX 'sister_movenone.bmp' - ignored!
[0;32mI (19008) drawprim: BMP: loaded /sd/blinkensisters/V0.5.4/ADDON/LostPixels/sister_moveleft.bmp (32x64 24bpp)[0m
[0;33mW (19038) drawprim: BMP: cannot open /sd/blinkensisters/V0.5.4/ADDON/LostPixels/sister_moveleftup.bmp[0m
Warning: Can't load FgObjGFX 'sister_moveleftup.bmp' - ignored!
[0;33mW (19068) drawprim: BMP: cannot open /sd/blinkensisters/V0.5.4/ADDON/LostPixels/sister_moveleftdown.bmp[0m
Warning: Can't load FgObjGFX 'sister_moveleftdown.bmp' - ignored!
[0;32mI (19088) drawprim: BMP: loaded /sd/blinkensisters/V0.5.4/ADDON/LostPixels/sister_moveright.bmp (32x64 24bpp)[0m
[0;33mW (19118) drawprim: BMP: cannot open /sd/blinkensisters/V0.5.4/ADDON/LostPixels/sister_moverightup.bmp[0m
Warning: Can't load FgObjGFX 'sister_moverightup.bmp' - ignored!
[0;33mW (19158) drawprim: BMP: cannot open /sd/blinkensisters/V0.5.4/ADDON/LostPixels/sister_moverightdown.bmp[0m
Warning: Can't load FgObjGFX 'sister_moverightdown.bmp' - ignored!
[0;33mW (19188) drawprim: BMP: cannot open /sd/blinkensisters/V0.5.4/ADDON/LostPixels/sister_moveup.bmp[0m
Warning: Can't load FgObjGFX 'sister_moveup.bmp' - ignored!
[0;33mW (19218) drawprim: BMP: cannot open /sd/blinkensisters/V0.5.4/ADDON/LostPixels/sister_movedown.bmp[0m
Warning: Can't load FgObjGFX 'sister_movedown.bmp' - ignored!
[0;32mI (19558) drawprim: JPEG: /sd/blinkensisters/V0.5.4/ADDON/LostPixels/level2.jpg 1600x700 (mcu 16x16, padded 1600x704), need 3379200 bytes[0m
[0;32mI (19818) drawprim: JPEG: loaded /sd/blinkensisters/V0.5.4/ADDON/LostPixels/level2.jpg (1600x700)[0m
[0;32mI (19838) drawprim: BMP: loaded /sd/blinkensisters/V0.5.4/ADDON/LostPixels/weirdtiles.bmp (32x128 24bpp)[0m
Init Tiles2D
Number of tile objects: 187
Freeing monster sprites...
[0;33mW (19918) selftest: [LostPixels] level 2/21: OK, 7 warning/error log line(s), first: W (18988) drawprim: BMP: cannot open /sd/blinkensisters/V0.5.4/ADDON/LostPixels/sister_movenone.bmp[0m
[0;32mI (19918) selftest: [LostPixels] level 2/21: free PSRAM 24948868, largest block 24117248, free internal 141807[0m
[0;32mI (19918) selftest: [LostPixels] level 3/21: loading[0m
[0;32mI (19928) drawprim: BMP: loaded /sd/blinkensisters/V0.5.4/ADDON/LostPixels/monster1_left.bmp (32x64 24bpp)[0m
[0;32mI (19938) drawprim: BMP: loaded /sd/blinkensisters/V0.5.4/ADDON/LostPixels/monster1_right.bmp (32x64 24bpp)[0m
[0;32mI (19948) drawprim: BMP: loaded /sd/blinkensisters/V0.5.4/ADDON/LostPixels/monster2_left.bmp (32x64 24bpp)[0m
[0;32mI (19958) drawprim: BMP: loaded /sd/blinkensisters/V0.5.4/ADDON/LostPixels/monster2_right.bmp (32x64 24bpp)[0m
[0;32mI (19968) drawprim: BMP: loaded /sd/blinkensisters/V0.5.4/ADDON/LostPixels/monster3_left.bmp (32x64 24bpp)[0m
[0;32mI (19978) drawprim: BMP: loaded /sd/blinkensisters/V0.5.4/ADDON/LostPixels/monster3_right.bmp (32x64 24bpp)[0m
[0;32mI (19988) drawprim: BMP: loaded /sd/blinkensisters/V0.5.4/ADDON/LostPixels/monster4_left.bmp (32x64 24bpp)[0m
[0;32mI (19998) drawprim: BMP: loaded /sd/blinkensisters/V0.5.4/ADDON/LostPixels/monster4_right.bmp (32x64 24bpp)[0m
[0;32mI (20018) drawprim: BMP: loaded /sd/blinkensisters/V0.5.4/ADDON/LostPixels/monster5_left.bmp (32x128 24bpp)[0m
[0;32mI (20028) drawprim: BMP: loaded /sd/blinkensisters/V0.5.4/ADDON/LostPixels/monster5_right.bmp (32x128 24bpp)[0m
[0;33mW (20088) drawprim: BMP: cannot open /sd/blinkensisters/V0.5.4/ADDON/LostPixels/sister_movenone.bmp[0m
Warning: Can't load FgObjGFX 'sister_movenone.bmp' - ignored!
[0;32mI (20098) drawprim: BMP: loaded /sd/blinkensisters/V0.5.4/ADDON/LostPixels/sister_moveleft.bmp (32x64 24bpp)[0m
[0;33mW (20138) drawprim: BMP: cannot open /sd/blinkensisters/V0.5.4/ADDON/LostPixels/sister_moveleftup.bmp[0m
Warning: Can't load FgObjGFX 'sister_moveleftup.bmp' - ignored!
[0;33mW (20168) drawprim: BMP: cannot open /sd/blinkensisters/V0.5.4/ADDON/LostPixels/sister_moveleftdown.bmp[0m
Warning: Can't load FgObjGFX 'sister_moveleftdown.bmp' - ignored!
[0;32mI (20188) drawprim: BMP: loaded /sd/blinkensisters/V0.5.4/ADDON/LostPixels/sister_moveright.bmp (32x64 24bpp)[0m
[0;33mW (20218) drawprim: BMP: cannot open /sd/blinkensisters/V0.5.4/ADDON/LostPixels/sister_moverightup.bmp[0m
Warning: Can't load FgObjGFX 'sister_moverightup.bmp' - ignored!
[0;33mW (20248) drawprim: BMP: cannot open /sd/blinkensisters/V0.5.4/ADDON/LostPixels/sister_moverightdown.bmp[0m
Warning: Can't load FgObjGFX 'sister_moverightdown.bmp' - ignored!
[0;33mW (20278) drawprim: BMP: cannot open /sd/blinkensisters/V0.5.4/ADDON/LostPixels/sister_moveup.bmp[0m
Warning: Can't load FgObjGFX 'sister_moveup.bmp' - ignored!
[0;33mW (20318) drawprim: BMP: cannot open /sd/blinkensisters/V0.5.4/ADDON/LostPixels/sister_movedown.bmp[0m
Warning: Can't load FgObjGFX 'sister_movedown.bmp' - ignored!
[0;33mW (20788) drawprim: JPEG: /sd/blinkensisters/V0.5.4/ADDON/LostPixels/level3.jpg is 1341x900 (pixel count not a multiple of 8); decoding as 1340x900[0m
[0;32mI (20788) drawprim: JPEG: /sd/blinkensisters/V0.5.4/ADDON/LostPixels/level3.jpg 1340x900 (mcu 16x16, padded 1344x912), need 3677184 bytes[0m
[0;32mI (21068) drawprim: JPEG: loaded /sd/blinkensisters/V0.5.4/ADDON/LostPixels/level3.jpg (1340x900)[0m
[0;32mI (21088) drawprim: BMP: loaded /sd/blinkensisters/V0.5.4/ADDON/LostPixels/bathtiles.bmp (32x288 8bpp)[0m
Init Tiles2D
Number of tile objects: 310
Tiles2Array took 15 ticks for 310 elements
Starting script for Level3 in BlinkenLUA / Lua 5.0.2!
[0;32mI (21248) drawprim: PNG: loaded /sd/blinkensisters/V0.5.4/ADDON/LostPixels/fg_huntingseason.png (398x96)[0m
[0;32mI (21368) drawprim: PNG: loaded /sd/blinkensisters/V0.5.4/ADDON/LostPixels/fg_huntingseason_neon.png (398x96)[0m
Freeing monster sprites...
[0;33mW (21468) selftest: [LostPixels] level 3/21: OK, 8 warning/error log line(s), first: W (20088) drawprim: BMP: cannot open /sd/blinkensisters/V0.5.4/ADDON/LostPixels/sister_movenone.bmp[0m
[0;32mI (21468) selftest: [LostPixels] level 3/21: free PSRAM 24948868, largest block 24117248, free internal 141807[0m
[0;32mI (21468) selftest: [LostPixels] level 4/21: loading[0m
[0;32mI (21478) drawprim: BMP: loaded /sd/blinkensisters/V0.5.4/ADDON/LostPixels/monster1_left.bmp (32x64 24bpp)[0m
[0;32mI (21488) drawprim: BMP: loaded /sd/blinkensisters/V0.5.4/ADDON/LostPixels/monster1_right.bmp (32x64 24bpp)[0m
[0;32mI (21498) drawprim: BMP: loaded /sd/blinkensisters/V0.5.4/ADDON/LostPixels/monster2_left.bmp (32x64 24bpp)[0m
[0;32mI (21508) drawprim: BMP: loaded /sd/blinkensisters/V0.5.4/ADDON/LostPixels/monster2_right.bmp (32x64 24bpp)[0m
[0;32mI (21518) drawprim: BMP: loaded /sd/blinkensisters/V0.5.4/ADDON/LostPixels/monster3_left.bmp (32x64 24bpp)[0m
[0;32mI (21528) drawprim: BMP: loaded /sd/blinkensisters/V0.5.4/ADDON/LostPixels/monster3_right.bmp (32x64 24bpp)[0m
[0;32mI (21538) drawprim: BMP: loaded /sd/blinkensisters/V0.5.4/ADDON/LostPixels/monster4_left.bmp (32x64 24bpp)[0m
[0;32mI (21548) drawprim: BMP: loaded /sd/blinkensisters/V0.5.4/ADDON/LostPixels/monster4_right.bmp (32x64 24bpp)[0m
[0;32mI (21568) drawprim: BMP: loaded /sd/blinkensisters/V0.5.4/ADDON/LostPixels/monster5_left.bmp (32x128 24bpp)[0m
[0;32mI (21578) drawprim: BMP: loaded /sd/blinkensisters/V0.5.4/ADDON/LostPixels/monster5_right.bmp (32x128 24bpp)[0m
[0;33mW (21638) drawprim: BMP: cannot open /sd/blinkensisters/V0.5.4/ADDON/LostPixels/sister_movenone.bmp[0m
Warning: Can't load FgObjGFX 'sister_movenone.bmp' - ignored!
[0;32mI (21658) drawprim: BMP: loaded /sd/blinkensisters/V0.5.4/ADDON/LostPixels/sister_moveleft.bmp (32x64 24bpp)[0m
[0;33mW (21688) drawprim: BMP: cannot open /sd/blinkensisters/V0.5.4/ADDON/LostPixels/sister_moveleftup.bmp[0m
Warning: Can't load FgObjGFX 'sister_moveleftup.bmp' - ignored!
[0;33mW (21718) drawprim: BMP: cannot open /sd/blinkensisters/V0.5.4/ADDON/LostPixels/sister_moveleftdown.bmp[0m
Warning: Can't load FgObjGFX 'sister_moveleftdown.bmp' - ignored!
[0;32mI (21738) drawprim: BMP: loaded /sd/blinkensisters/V0.5.4/ADDON/LostPixels/sister_moveright.bmp (32x64 24bpp)[0m
[0;33mW (21768) drawprim: BMP: cannot open /sd/blinkensisters/V0.5.4/ADDON/LostPixels/sister_moverightup.bmp[0m
Warning: Can't load FgObjGFX 'sister_moverightup.bmp' - ignored!
[0;33mW (21798) drawprim: BMP: cannot open /sd/blinkensisters/V0.5.4/ADDON/LostPixels/sister_moverightdown.bmp[0m
Warning: Can't load FgObjGFX 'sister_moverightdown.bmp' - ignored!
[0;33mW (21838) drawprim: BMP: cannot open /sd/blinkensisters/V0.5.4/ADDON/LostPixels/sister_moveup.bmp[0m
Warning: Can't load FgObjGFX 'sister_moveup.bmp' - ignored!
[0;33mW (21868) drawprim: BMP: cannot open /sd/blinkensisters/V0.5.4/ADDON/LostPixels/sister_movedown.bmp[0m
Warning: Can't load FgObjGFX 'sister_movedown.bmp' - ignored!
[0;32mI (22348) drawprim: JPEG: /sd/blinkensisters/V0.5.4/ADDON/LostPixels/level4.jpg 1300x600 (mcu 16x16, padded 1312x608), need 2393088 bytes[0m
[0;32mI (22528) drawprim: JPEG: loaded /sd/blinkensisters/V0.5.4/ADDON/LostPixels/level4.jpg (1300x600)[0m
[0;32mI (22558) drawprim: BMP: loaded /sd/blinkensisters/V0.5.4/ADDON/LostPixels/weirdtiles.bmp (32x128 24bpp)[0m
Init Tiles2D
Number of tile objects: 178
Freeing monster sprites...
[0;33mW (22638) selftest: [LostPixels] level 4/21: OK, 7 warning/error log line(s), first: W (21638) drawprim: BMP: cannot open /sd/blinkensisters/V0.5.4/ADDON/LostPixels/sister_movenone.bmp[0m
[0;32mI (22638) selftest: [LostPixels] level 4/21: free PSRAM 24948868, largest block 24117248, free internal 141807[0m
[0;32mI (22638) selftest: [LostPixels] level 5/21: loading[0m
[0;32mI (22648) drawprim: BMP: loaded /sd/blinkensisters/V0.5.4/ADDON/LostPixels/monster1_left.bmp (32x64 24bpp)[0m
[0;32mI (22658) drawprim: BMP: loaded /sd/blinkensisters/V0.5.4/ADDON/LostPixels/monster1_right.bmp (32x64 24bpp)[0m
[0;32mI (22668) drawprim: BMP: loaded /sd/blinkensisters/V0.5.4/ADDON/LostPixels/monster2_left.bmp (32x64 24bpp)[0m
[0;32mI (22678) drawprim: BMP: loaded /sd/blinkensisters/V0.5.4/ADDON/LostPixels/monster2_right.bmp (32x64 24bpp)[0m
[0;32mI (22688) drawprim: BMP: loaded /sd/blinkensisters/V0.5.4/ADDON/LostPixels/monster3_left.bmp (32x64 24bpp)[0m
[0;32mI (22698) drawprim: BMP: loaded /sd/blinkensisters/V0.5.4/ADDON/LostPixels/monster3_right.bmp (32x64 24bpp)[0m
[0;32mI (22708) drawprim: BMP: loaded /sd/blinkensisters/V0.5.4/ADDON/LostPixels/monster4_left.bmp (32x64 24bpp)[0m
[0;32mI (22718) drawprim: BMP: loaded /sd/blinkensisters/V0.5.4/ADDON/LostPixels/monster4_right.bmp (32x64 24bpp)[0m
[0;32mI (22738) drawprim: BMP: loaded /sd/blinkensisters/V0.5.4/ADDON/LostPixels/monster5_left.bmp (32x128 24bpp)[0m
[0;32mI (22748) drawprim: BMP: loaded /sd/blinkensisters/V0.5.4/ADDON/LostPixels/monster5_right.bmp (32x128 24bpp)[0m
[0;33mW (22808) drawprim: BMP: cannot open /sd/blinkensisters/V0.5.4/ADDON/LostPixels/sister_movenone.bmp[0m
Warning: Can't load FgObjGFX 'sister_movenone.bmp' - ignored!
[0;32mI (22828) drawprim: BMP: loaded /sd/blinkensisters/V0.5.4/ADDON/LostPixels/sister_moveleft.bmp (32x64 24bpp)[0m
[0;33mW (22858) drawprim: BMP: cannot open /sd/blinkensisters/V0.5.4/ADDON/LostPixels/sister_moveleftup.bmp[0m
Warning: Can't load FgObjGFX 'sister_moveleftup.bmp' - ignored!
[0;33mW (22888) drawprim: BMP: cannot open /sd/blinkensisters/V0.5.4/ADDON/LostPixels/sister_moveleftdown.bmp[0m
Warning: Can't load FgObjGFX 'sister_moveleftdown.bmp' - ignored!
[0;32mI (22908) drawprim: BMP: loaded /sd/blinkensisters/V0.5.4/ADDON/LostPixels/sister_moveright.bmp (32x64 24bpp)[0m
[0;33mW (22938) drawprim: BMP: cannot open /sd/blinkensisters/V0.5.4/ADDON/LostPixels/sister_moverightup.bmp[0m
Warning: Can't load FgObjGFX 'sister_moverightup.bmp' - ignored!
[0;33mW (22968) drawprim: BMP: cannot open /sd/blinkensisters/V0.5.4/ADDON/LostPixels/sister_moverightdown.bmp[0m
Warning: Can't load FgObjGFX 'sister_moverightdown.bmp' - ignored!
[0;33mW (23008) drawprim: BMP: cannot open /sd/blinkensisters/V0.5.4/ADDON/LostPixels/sister_moveup.bmp[0m
Warning: Can't load FgObjGFX 'sister_moveup.bmp' - ignored!
[0;33mW (23038) drawprim: BMP: cannot open /sd/blinkensisters/V0.5.4/ADDON/LostPixels/sister_movedown.bmp[0m
Warning: Can't load FgObjGFX 'sister_movedown.bmp' - ignored!
[0;32mI (23718) drawprim: JPEG: /sd/blinkensisters/V0.5.4/ADDON/LostPixels/level5.jpg 1482x1044 (mcu 16x16, padded 1488x1056), need 4713984 bytes[0m
[0;32mI (24078) drawprim: JPEG: loaded /sd/blinkensisters/V0.5.4/ADDON/LostPixels/level5.jpg (1482x1044)[0m
[0;32mI (24098) drawprim: BMP: loaded /sd/blinkensisters/V0.5.4/ADDON/LostPixels/bathtiles.bmp (32x288 8bpp)[0m
Init Tiles2D
Number of tile objects: 305
Tiles2Array took 16 ticks for 305 elements
Starting script for Level5 in BlinkenLUA / Lua 5.0.2!
[0;32mI (24158) drawprim: BMP: loaded /sd/blinkensisters/V0.5.4/ADDON/LostPixels/fg_door_closed.bmp (32x32 24bpp)[0m
[0;32mI (24168) drawprim: BMP: loaded /sd/blinkensisters/V0.5.4/ADDON/LostPixels/fg_door_open.bmp (32x32 24bpp)[0m
[0;32mI (24178) drawprim: BMP: loaded /sd/blinkensisters/V0.5.4/ADDON/LostPixels/fg_switch_red.bmp (32x32 24bpp)[0m
[0;32mI (24188) drawprim: BMP: loaded /sd/blinkensisters/V0.5.4/ADDON/LostPixels/fg_switch_green.bmp (32x32 24bpp)[0m
[0;33mW (24188) pal_audio: Cannot open FX file: fx_open_door.mp3[0m
[0;33mW (24188) pal_audio: Cannot open FX file: fx_open_door.mp3[0m
[0;32mI (24198) drawprim: BMP: loaded /sd/blinkensisters/V0.5.4/ADDON/LostPixels/elevator2.bmp (96x32 24bpp)[0m
[0;32mI (24208) drawprim: BMP: loaded /sd/blinkensisters/V0.5.4/ADDON/LostPixels/elevator1.bmp (96x32 24bpp)[0m
Freeing monster sprites...
[0;33mW (24318) selftest: [LostPixels] level 5/21: OK, 9 warning/error log line(s), first: W (22808) drawprim: BMP: cannot open /sd/blinkensisters/V0.5.4/ADDON/LostPixels/sister_movenone.bmp[0m
[0;32mI (24318) selftest: [LostPixels] level 5/21: free PSRAM 24948868, largest block 24117248, free internal 150351[0m
[0;32mI (24318) selftest: [LostPixels] level 6/21: loading[0m
[0;32mI (24328) drawprim: BMP: loaded /sd/blinkensisters/V0.5.4/ADDON/LostPixels/monster1_left.bmp (32x64 24bpp)[0m
[0;32mI (24338) drawprim: BMP: loaded /sd/blinkensisters/V0.5.4/ADDON/LostPixels/monster1_right.bmp (32x64 24bpp)[0m
[0;32mI (24348) drawprim: BMP: loaded /sd/blinkensisters/V0.5.4/ADDON/LostPixels/monster2_left.bmp (32x64 24bpp)[0m
[0;32mI (24358) drawprim: BMP: loaded /sd/blinkensisters/V0.5.4/ADDON/LostPixels/monster2_right.bmp (32x64 24bpp)[0m
[0;32mI (24368) drawprim: BMP: loaded /sd/blinkensisters/V0.5.4/ADDON/LostPixels/monster3_left.bmp (32x64 24bpp)[0m
[0;32mI (24378) drawprim: BMP: loaded /sd/blinkensisters/V0.5.4/ADDON/LostPixels/monster3_right.bmp (32x64 24bpp)[0m
[0;32mI (24388) drawprim: BMP: loaded /sd/blinkensisters/V0.5.4/ADDON/LostPixels/monster4_left.bmp (32x64 24bpp)[0m
[0;32mI (24398) drawprim: BMP: loaded /sd/blinkensisters/V0.5.4/ADDON/LostPixels/monster4_right.bmp (32x64 24bpp)[0m
[0;32mI (24408) drawprim: BMP: loaded /sd/blinkensisters/V0.5.4/ADDON/LostPixels/monster5_left.bmp (32x128 24bpp)[0m
[0;32mI (24428) drawprim: BMP: loaded /sd/blinkensisters/V0.5.4/ADDON/LostPixels/monster5_right.bmp (32x128 24bpp)[0m
[0;33mW (24478) drawprim: BMP: cannot open /sd/blinkensisters/V0.5.4/ADDON/LostPixels/sister_movenone.bmp[0m
Warning: Can't load FgObjGFX 'sister_movenone.bmp' - ignored!
[0;32mI (24498) drawprim: BMP: loaded /sd/blinkensisters/V0.5.4/ADDON/LostPixels/sister_moveleft.bmp (32x64 24bpp)[0m
[0;33mW (24528) drawprim: BMP: cannot open /sd/blinkensisters/V0.5.4/ADDON/LostPixels/sister_moveleftup.bmp[0m
Warning: Can't load FgObjGFX 'sister_moveleftup.bmp' - ignored!
[0;33mW (24568) drawprim: BMP: cannot open /sd/blinkensisters/V0.5.4/ADDON/LostPixels/sister_moveleftdown.bmp[0m
Warning: Can't load FgObjGFX 'sister_moveleftdown.bmp' - ignored!
[0;32mI (24578) drawprim: BMP: loaded /sd/blinkensisters/V0.5.4/ADDON/LostPixels/sister_moveright.bmp (32x64 24bpp)[0m
[0;33mW (24618) drawprim: BMP: cannot open /sd/blinkensisters/V0.5.4/ADDON/LostPixels/sister_moverightup.bmp[0m
Warning: Can't load FgObjGFX 'sister_moverightup.bmp' - ignored!
[0;33mW (24648) drawprim: BMP: cannot open /sd/blinkensisters/V0.5.4/ADDON/LostPixels/sister_moverightdown.bmp[0m
Warning: Can't load FgObjGFX 'sister_moverightdown.bmp' - ignored!
[0;33mW (24678) drawprim: BMP: cannot open /sd/blinkensisters/V0.5.4/ADDON/LostPixels/sister_moveup.bmp[0m
Warning: Can't load FgObjGFX 'sister_moveup.bmp' - ignored!
[0;33mW (24708) drawprim: BMP: cannot open /sd/blinkensisters/V0.5.4/ADDON/LostPixels/sister_movedown.bmp[0m
Warning: Can't load FgObjGFX 'sister_movedown.bmp' - ignored!
[0;32mI (25288) drawprim: JPEG: /sd/blinkensisters/V0.5.4/ADDON/LostPixels/level6.jpg 3328x952 (mcu 16x16, padded 3328x960), need 9584640 bytes[0m
[1;31mE (25418) jpeg.decoder: your jpg is a gray style picture, but your output format is wrong[0m
[1;31mE (25418) jpeg.decoder: jpeg_decoder_process(230): write header info to hw failed[0m
[0;33mW (25418) drawprim: JPEG: decode failed /sd/blinkensisters/V0.5.4/ADDON/LostPixels/level6.jpg (err=262)[0m
[1;31mE (25418) bserror: FATAL ERROR 102: Can't read or understand image file | /sd/blinkensisters/V0.5.4/ADDON/LostPixels/level6.jpg | ./main/shared/drawprimitives.cpp:538[0m
Freeing monster sprites...
[1;31mE (25448) selftest: [LostPixels] level 6/21: FAILED in load: error 102: Can't read or understand image file | /sd/blinkensisters/V0.5.4/ADDON/LostPixels/level6.jpg | ./main/shared/drawprimitives.cpp:538[0m
[0;32mI (25448) selftest: [LostPixels] level 6/21: free PSRAM 24948868, largest block 24117248, free internal 141291[0m
[0;32mI (25448) selftest: [LostPixels] level 7/21: loading[0m
[0;32mI (25458) drawprim: BMP: loaded /sd/blinkensisters/V0.5.4/ADDON/LostPixels/monster1_left.bmp (32x64 24bpp)[0m
[0;32mI (25468) drawprim: BMP: loaded /sd/blinkensisters/V0.5.4/ADDON/LostPixels/monster1_right.bmp (32x64 24bpp)[0m
[0;32mI (25478) drawprim: BMP: loaded /sd/blinkensisters/V0.5.4/ADDON/LostPixels/monster2_left.bmp (32x64 24bpp)[0m
[0;32mI (25488) drawprim: BMP: loaded /sd/blinkensisters/V0.5.4/ADDON/LostPixels/monster2_right.bmp (32x64 24bpp)[0m
[0;32mI (25498) drawprim: BMP: loaded /sd/blinkensisters/V0.5.4/ADDON/LostPixels/monster3_left.bmp (32x64 24bpp)[0m
[0;32mI (25518) drawprim: BMP: loaded /sd/blinkensisters/V0.5.4/ADDON/LostPixels/monster3_right.bmp (32x64 24bpp)[0m
[0;32mI (25528) drawprim: BMP: loaded /sd/blinkensisters/V0.5.4/ADDON/LostPixels/monster4_left.bmp (32x64 24bpp)[0m
[0;32mI (25538) drawprim: BMP: loaded /sd/blinkensisters/V0.5.4/ADDON/LostPixels/monster4_right.bmp (32x64 24bpp)[0m
[0;32mI (25548) drawprim: BMP: loaded /sd/blinkensisters/V0.5.4/ADDON/LostPixels/monster5_left.bmp (32x128 24bpp)[0m
[0;32mI (25568) drawprim: BMP: loaded /sd/blinkensisters/V0.5.4/ADDON/LostPixels/monster5_right.bmp (32x128 24bpp)[0m
[0;33mW (25618) drawprim: BMP: cannot open /sd/blinkensisters/V0.5.4/ADDON/LostPixels/sister_movenone.bmp[0m
Warning: Can't load FgObjGFX 'sister_movenone.bmp' - ignored!
[0;32mI (25638) drawprim: BMP: loaded /sd/blinkensisters/V0.5.4/ADDON/LostPixels/sister_moveleft.bmp (32x64 24bpp)[0m
[0;33mW (25668) drawprim: BMP: cannot open /sd/blinkensisters/V0.5.4/ADDON/LostPixels/sister_moveleftup.bmp[0m
Warning: Can't load FgObjGFX 'sister_moveleftup.bmp' - ignored!
[0;33mW (25698) drawprim: BMP: cannot open /sd/blinkensisters/V0.5.4/ADDON/LostPixels/sister_moveleftdown.bmp[0m
Warning: Can't load FgObjGFX 'sister_moveleftdown.bmp' - ignored!
[0;32mI (25718) drawprim: BMP: loaded /sd/blinkensisters/V0.5.4/ADDON/LostPixels/sister_moveright.bmp (32x64 24bpp)[0m
[0;33mW (25748) drawprim: BMP: cannot open /sd/blinkensisters/V0.5.4/ADDON/LostPixels/sister_moverightup.bmp[0m
Warning: Can't load FgObjGFX 'sister_moverightup.bmp' - ignored!
[0;33mW (25778) drawprim: BMP: cannot open /sd/blinkensisters/V0.5.4/ADDON/LostPixels/sister_moverightdown.bmp[0m
Warning: Can't load FgObjGFX 'sister_moverightdown.bmp' - ignored!
[0;33mW (25818) drawprim: BMP: cannot open /sd/blinkensisters/V0.5.4/ADDON/LostPixels/sister_moveup.bmp[0m
Warning: Can't load FgObjGFX 'sister_moveup.bmp' - ignored!
[0;33mW (25848) drawprim: BMP: cannot open /sd/blinkensisters/V0.5.4/ADDON/LostPixels/sister_movedown.bmp[0m
Warning: Can't load FgObjGFX 'sister_movedown.bmp' - ignored!
[0;32mI (25988) drawprim: JPEG: /sd/blinkensisters/V0.5.4/ADDON/LostPixels/level7.jpg 1000x1000 (mcu 16x16, padded 1008x1008), need 3048192 bytes[0m
[0;32mI (26228) drawprim: JPEG: loaded /sd/blinkensisters/V0.5.4/ADDON/LostPixels/level7.jpg (1000x1000)[0m
[0;32mI (26238) drawprim: BMP: loaded /sd/blinkensisters/V0.5.4/ADDON/LostPixels/bathtiles.bmp (32x288 8bpp)[0m
Init Tiles2D
Number of tile objects: 245
Freeing monster sprites...
[0;33mW (26328) selftest: [LostPixels] level 7/21: OK, 7 warning/error log line(s), first: W (25618) drawprim: BMP: cannot open /sd/blinkensisters/V0.5.4/ADDON/LostPixels/sister_movenone.bmp[0m
[0;32mI (26328) selftest: [LostPixels] level 7/21: free PSRAM 24948868, largest block 24117248, free internal 141807[0m
[0;32mI (26328) selftest: [LostPixels] level 8/21: loading[0m
[0;32mI (26348) drawprim: BMP: loaded /sd/blinkensisters/V0.5.4/ADDON/LostPixels/monster1_left.bmp (32x64 24bpp)[0m
[0;32mI (26358) drawprim: BMP: loaded /sd/blinkensisters/V0.5.4/ADDON/LostPixels/monster1_right.bmp (32x64 24bpp)[0m
[0;32mI (26368) drawprim: BMP: loaded /sd/blinkensisters/V0.5.4/ADDON/LostPixels/monster2_left.bmp (32x64 24bpp)[0m
[0;32mI (26378) drawprim: BMP: loaded /sd/blinkensisters/V0.5.4/ADDON/LostPixels/monster2_right.bmp (32x64 24bpp)[0m
[0;32mI (26388) drawprim: BMP: loaded /sd/blinkensisters/V0.5.4/ADDON/LostPixels/monster3_left.bmp (32x64 24bpp)[0m
[0;32mI (26398) drawprim: BMP: loaded /sd/blinkensisters/V0.5.4/ADDON/LostPixels/monster3_right.bmp (32x64 24bpp)[0m
[0;32mI (26408) drawprim: BMP: loaded /sd/blinkensisters/V0.5.4/ADDON/LostPixels/monster4_left.bmp (32x64 24bpp)[0m
[0;32mI (26418) drawprim: BMP: loaded /sd/blinkensisters/V0.5.4/ADDON/LostPixels/monster4_right.bmp (32x64 24bpp)[0m
[0;32mI (26428) drawprim: BMP: loaded /sd/blinkensisters/V0.5.4/ADDON/LostPixels/monster5_left.bmp (32x128 24bpp)[0m
[0;32mI (26448) drawprim: BMP: loaded /sd/blinkensisters/V0.5.4/ADDON/LostPixels/monster5_right.bmp (32x128 24bpp)[0m
[0;33mW (26498) drawprim: BMP: cannot open /sd/blinkensisters/V0.5.4/ADDON/LostPixels/sister_movenone.bmp[0m
Warning: Can't load FgObjGFX 'sister_movenone.bmp' - ignored!
[0;32mI (26518) drawprim: BMP: loaded /sd/blinkensisters/V0.5.4/ADDON/LostPixels/sister_moveleft.bmp (32x64 24bpp)[0m
[0;33mW (26548) drawprim: BMP: cannot open /sd/blinkensisters/V0.5.4/ADDON/LostPixels/sister_moveleftup.bmp[0m
Warning: Can't load FgObjGFX 'sister_moveleftup.bmp' - ignored!
[0;33mW (26578) drawprim: BMP: cannot open /sd/blinkensisters/V0.5.4/ADDON/LostPixels/sister_moveleftdown.bmp[0m
Warning: Can't load FgObjGFX 'sister_moveleftdown.bmp' - ignored!
[0;32mI (26598) drawprim: BMP: loaded /sd/blinkensisters/V0.5.4/ADDON/LostPixels/sister_moveright.bmp (32x64 24bpp)[0m
[0;33mW (26628) drawprim: BMP: cannot open /sd/blinkensisters/V0.5.4/ADDON/LostPixels/sister_moverightup.bmp[0m
Warning: Can't load FgObjGFX 'sister_moverightup.bmp' - ignored!
[0;33mW (26668) drawprim: BMP: cannot open /sd/blinkensisters/V0.5.4/ADDON/LostPixels/sister_moverightdown.bmp[0m
Warning: Can't load FgObjGFX 'sister_moverightdown.bmp' - ignored!
[0;33mW (26698) drawprim: BMP: cannot open /sd/blinkensisters/V0.5.4/ADDON/LostPixels/sister_moveup.bmp[0m
Warning: Can't load FgObjGFX 'sister_moveup.bmp' - ignored!
[0;33mW (26728) drawprim: BMP: cannot open /sd/blinkensisters/V0.5.4/ADDON/LostPixels/sister_movedown.bmp[0m
Warning: Can't load FgObjGFX 'sister_movedown.bmp' - ignored!
[0;32mI (27308) drawprim: JPEG: /sd/blinkensisters/V0.5.4/ADDON/LostPixels/level6.jpg 3328x952 (mcu 16x16, padded 3328x960), need 9584640 bytes[0m
[1;31mE (27438) jpeg.decoder: your jpg is a gray style picture, but your output format is wrong[0m
[1;31mE (27438) jpeg.decoder: jpeg_decoder_process(230): write header info to hw failed[0m
[0;33mW (27438) drawprim: JPEG: decode failed /sd/blinkensisters/V0.5.4/ADDON/LostPixels/level6.jpg (err=262)[0m
[1;31mE (27438) bserror: FATAL ERROR 102: Can't read or understand image file | /sd/blinkensisters/V0.5.4/ADDON/LostPixels/level6.jpg | ./main/shared/drawprimitives.cpp:538[0m
Freeing monster sprites...
[1;31mE (27468) selftest: [LostPixels] level 8/21: FAILED in load: error 102: Can't read or understand image file | /sd/blinkensisters/V0.5.4/ADDON/LostPixels/level6.jpg | ./main/shared/drawprimitives.cpp:538[0m
[0;32mI (27478) selftest: [LostPixels] level 8/21: free PSRAM 24948868, largest block 24117248, free internal 141807[0m
[0;32mI (27478) selftest: [LostPixels] level 9/21: loading[0m
[0;32mI (27488) drawprim: BMP: loaded /sd/blinkensisters/V0.5.4/ADDON/LostPixels/monster1_left.bmp (32x64 24bpp)[0m
[0;32mI (27498) drawprim: BMP: loaded /sd/blinkensisters/V0.5.4/ADDON/LostPixels/monster1_right.bmp (32x64 24bpp)[0m
[0;32mI (27508) drawprim: BMP: loaded /sd/blinkensisters/V0.5.4/ADDON/LostPixels/monster2_left.bmp (32x64 24bpp)[0m
[0;32mI (27518) drawprim: BMP: loaded /sd/blinkensisters/V0.5.4/ADDON/LostPixels/monster2_right.bmp (32x64 24bpp)[0m
[0;32mI (27528) drawprim: BMP: loaded /sd/blinkensisters/V0.5.4/ADDON/LostPixels/monster3_left.bmp (32x64 24bpp)[0m
[0;32mI (27538) drawprim: BMP: loaded /sd/blinkensisters/V0.5.4/ADDON/LostPixels/monster3_right.bmp (32x64 24bpp)[0m
[0;32mI (27548) drawprim: BMP: loaded /sd/blinkensisters/V0.5.4/ADDON/LostPixels/monster4_left.bmp (32x64 24bpp)[0m
[0;32mI (27558) drawprim: BMP: loaded /sd/blinkensisters/V0.5.4/ADDON/LostPixels/monster4_right.bmp (32x64 24bpp)[0m
[0;32mI (27568) drawprim: BMP: loaded /sd/blinkensisters/V0.5.4/ADDON/LostPixels/monster5_left.bmp (32x128 24bpp)[0m
[0;32mI (27588) drawprim: BMP: loaded /sd/blinkensisters/V0.5.4/ADDON/LostPixels/monster5_right.bmp (32x128 24bpp)[0m
[0;33mW (27638) drawprim: BMP: cannot open /sd/blinkensisters/V0.5.4/ADDON/LostPixels/sister_movenone.bmp[0m
Warning: Can't load FgObjGFX 'sister_movenone.bmp' - ignored!
[0;32mI (27658) drawprim: BMP: loaded /sd/blinkensisters/V0.5.4/ADDON/LostPixels/sister_moveleft.bmp (32x64 24bpp)[0m
[0;33mW (27688) drawprim: BMP: cannot open /sd/blinkensisters/V0.5.4/ADDON/LostPixels/sister_moveleftup.bmp[0m
Warning: Can't load FgObjGFX 'sister_moveleftup.bmp' - ignored!
[0;33mW (27728) drawprim: BMP: cannot open /sd/blinkensisters/V0.5.4/ADDON/LostPixels/sister_moveleftdown.bmp[0m
Warning: Can't load FgObjGFX 'sister_moveleftdown.bmp' - ignored!
[0;32mI (27738) drawprim: BMP: loaded /sd/blinkensisters/V0.5.4/ADDON/LostPixels/sister_moveright.bmp (32x64 24bpp)[0m
[0;33mW (27778) drawprim: BMP: cannot open /sd/blinkensisters/V0.5.4/ADDON/LostPixels/sister_moverightup.bmp[0m
Warning: Can't load FgObjGFX 'sister_moverightup.bmp' - ignored!
[0;33mW (27808) drawprim: BMP: cannot open /sd/blinkensisters/V0.5.4/ADDON/LostPixels/sister_moverightdown.bmp[0m
Warning: Can't load FgObjGFX 'sister_moverightdown.bmp' - ignored!
[0;33mW (27838) drawprim: BMP: cannot open /sd/blinkensisters/V0.5.4/ADDON/LostPixels/sister_moveup.bmp[0m
Warning: Can't load FgObjGFX 'sister_moveup.bmp' - ignored!
[0;33mW (27868) drawprim: BMP: cannot open /sd/blinkensisters/V0.5.4/ADDON/LostPixels/sister_movedown.bmp[0m
Warning: Can't load FgObjGFX 'sister_movedown.bmp' - ignored!
[0;33mW (28148) drawprim: JPEG: /sd/blinkensisters/V0.5.4/ADDON/LostPixels/level9.jpg is 1475x661 (pixel count not a multiple of 8); decoding as 1474x660[0m
[0;32mI (28148) drawprim: JPEG: /sd/blinkensisters/V0.5.4/ADDON/LostPixels/level9.jpg 1474x660 (mcu 8x8, padded 1480x664), need 2948160 bytes[0m
[0;32mI (28388) drawprim: JPEG: loaded /sd/blinkensisters/V0.5.4/ADDON/LostPixels/level9.jpg (1474x660)[0m
[0;32mI (28408) drawprim: BMP: loaded /sd/blinkensisters/V0.5.4/ADDON/LostPixels/boxtiles.bmp (32x288 24bpp)[0m
Init Tiles2D
Number of tile objects: 478
Tiles2Array took 25 ticks for 478 elements
Starting script for Level9 in BlinkenLUA / Lua 5.0.2!
[0;32mI (28478) drawprim: BMP: loaded /sd/blinkensisters/V0.5.4/ADDON/LostPixels/boxtile_door_closed.bmp (32x32 24bpp)[0m
[0;32mI (28488) drawprim: BMP: loaded /sd/blinkensisters/V0.5.4/ADDON/LostPixels/boxtile_door_open.bmp (32x32 24bpp)[0m
[0;33mW (28488) pal_audio: Cannot open FX file: fx_open_door.mp3[0m
Freeing monster sprites...
[0;33mW (28588) selftest: [LostPixels] level 9/21: OK, 9 warning/error log line(s), first: W (27638) drawprim: BMP: cannot open /sd/blinkensisters/V0.5.4/ADDON/LostPixels/sister_movenone.bmp[0m
[0;32mI (28588) selftest: [LostPixels] level 9/21: free PSRAM 24948868, largest block 24117248, free internal 141807[0m
[0;32mI (28588) selftest: [LostPixels] level 10/21: loading[0m
[0;32mI (28598) drawprim: BMP: loaded /sd/blinkensisters/V0.5.4/ADDON/LostPixels/monster1_left.bmp (32x64 24bpp)[0m
[0;32mI (28608) drawprim: BMP: loaded /sd/blinkensisters/V0.5.4/ADDON/LostPixels/monster1_right.bmp (32x64 24bpp)[0m
[0;32mI (28618) drawprim: BMP: loaded /sd/blinkensisters/V0.5.4/ADDON/LostPixels/monster2_left.bmp (32x64 24bpp)[0m
[0;32mI (28628) drawprim: BMP: loaded /sd/blinkensisters/V0.5.4/ADDON/LostPixels/monster2_right.bmp (32x64 24bpp)[0m
[0;32mI (28638) drawprim: BMP: loaded /sd/blinkensisters/V0.5.4/ADDON/LostPixels/monster3_left.bmp (32x64 24bpp)[0m
[0;32mI (28648) drawprim: BMP: loaded /sd/blinkensisters/V0.5.4/ADDON/LostPixels/monster3_right.bmp (32x64 24bpp)[0m
[0;32mI (28658) drawprim: BMP: loaded /sd/blinkensisters/V0.5.4/ADDON/LostPixels/monster4_left.bmp (32x64 24bpp)[0m
[0;32mI (28668) drawprim: BMP: loaded /sd/blinkensisters/V0.5.4/ADDON/LostPixels/monster4_right.bmp (32x64 24bpp)[0m
[0;32mI (28688) drawprim: BMP: loaded /sd/blinkensisters/V0.5.4/ADDON/LostPixels/monster5_left.bmp (32x128 24bpp)[0m
[0;32mI (28698) drawprim: BMP: loaded /sd/blinkensisters/V0.5.4/ADDON/LostPixels/monster5_right.bmp (32x128 24bpp)[0m
[0;33mW (28758) drawprim: BMP: cannot open /sd/blinkensisters/V0.5.4/ADDON/LostPixels/sister_movenone.bmp[0m
Warning: Can't load FgObjGFX 'sister_movenone.bmp' - ignored!
[0;32mI (28778) drawprim: BMP: loaded /sd/blinkensisters/V0.5.4/ADDON/LostPixels/sister_moveleft.bmp (32x64 24bpp)[0m
[0;33mW (28808) drawprim: BMP: cannot open /sd/blinkensisters/V0.5.4/ADDON/LostPixels/sister_moveleftup.bmp[0m
Warning: Can't load FgObjGFX 'sister_moveleftup.bmp' - ignored!
[0;33mW (28838) drawprim: BMP: cannot open /sd/blinkensisters/V0.5.4/ADDON/LostPixels/sister_moveleftdown.bmp[0m
Warning: Can't load FgObjGFX 'sister_moveleftdown.bmp' - ignored!
[0;32mI (28858) drawprim: BMP: loaded /sd/blinkensisters/V0.5.4/ADDON/LostPixels/sister_moveright.bmp (32x64 24bpp)[0m
[0;33mW (28888) drawprim: BMP: cannot open /sd/blinkensisters/V0.5.4/ADDON/LostPixels/sister_moverightup.bmp[0m
Warning: Can't load FgObjGFX 'sister_moverightup.bmp' - ignored!
[0;33mW (28918) drawprim: BMP: cannot open /sd/blinkensisters/V0.5.4/ADDON/LostPixels/sister_moverightdown.bmp[0m
Warning: Can't load FgObjGFX 'sister_moverightdown.bmp' - ignored!
[0;33mW (28958) drawprim: BMP: cannot open /sd/blinkensisters/V0.5.4/ADDON/LostPixels/sister_moveup.bmp[0m
Warning: Can't load FgObjGFX 'sister_moveup.bmp' - ignored!
[0;33mW (28988) drawprim: BMP: cannot open /sd/blinkensisters/V0.5.4/ADDON/LostPixels/sister_movedown.bmp[0m
Warning: Can't load FgObjGFX 'sister_movedown.bmp' - ignored!
[0;32mI (29328) drawprim: JPEG: /sd/blinkensisters/V0.5.4/ADDON/LostPixels/level10.jpg 2020x1392 (mcu 16x16, padded 2032x1392), need 8485632 bytes[0m
[0;32mI (29988) drawprim: JPEG: loaded /sd/blinkensisters/V0.5.4/ADDON/LostPixels/level10.jpg (2020x1392)[0m
[0;32mI (30028) drawprim: BMP: loaded /sd/blinkensisters/V0.5.4/ADDON/LostPixels/boxtiles.bmp (32x288 24bpp)[0m
Init Tiles2D
Number of tile objects: 1274
Freeing monster sprites...
[0;33mW (30128) selftest: [LostPixels] level 10/21: OK, 7 warning/error log line(s), first: W (28758) drawprim: BMP: cannot open /sd/blinkensisters/V0.5.4/ADDON/LostPixels/sister_movenone.bmp[0m
[0;32mI (30128) selftest: [LostPixels] level 10/21: free PSRAM 24948868, largest block 24117248, free internal 141807[0m
[0;32mI (30128) selftest: [LostPixels] level 11/21: loading[0m
[0;32mI (30138) drawprim: BMP: loaded /sd/blinkensisters/V0.5.4/ADDON/LostPixels/monster1_left.bmp (32x64 24bpp)[0m
[0;32mI (30148) drawprim: BMP: loaded /sd/blinkensisters/V0.5.4/ADDON/LostPixels/monster1_right.bmp (32x64 24bpp)[0m
[0;32mI (30158) drawprim: BMP: loaded /sd/blinkensisters/V0.5.4/ADDON/LostPixels/monster2_left.bmp (32x64 24bpp)[0m
[0;32mI (30168) drawprim: BMP: loaded /sd/blinkensisters/V0.5.4/ADDON/LostPixels/monster2_right.bmp (32x64 24bpp)[0m
[0;32mI (30178) drawprim: BMP: loaded /sd/blinkensisters/V0.5.4/ADDON/LostPixels/monster3_left.bmp (32x64 24bpp)[0m
[0;32mI (30188) drawprim: BMP: loaded /sd/blinkensisters/V0.5.4/ADDON/LostPixels/monster3_right.bmp (32x64 24bpp)[0m
[0;32mI (30198) drawprim: BMP: loaded /sd/blinkensisters/V0.5.4/ADDON/LostPixels/monster4_left.bmp (32x64 24bpp)[0m
[0;32mI (30208) drawprim: BMP: loaded /sd/blinkensisters/V0.5.4/ADDON/LostPixels/monster4_right.bmp (32x64 24bpp)[0m
[0;32mI (30228) drawprim: BMP: loaded /sd/blinkensisters/V0.5.4/ADDON/LostPixels/monster5_left.bmp (32x128 24bpp)[0m
[0;32mI (30238) drawprim: BMP: loaded /sd/blinkensisters/V0.5.4/ADDON/LostPixels/monster5_right.bmp (32x128 24bpp)[0m
[0;33mW (30298) drawprim: BMP: cannot open /sd/blinkensisters/V0.5.4/ADDON/LostPixels/sister_movenone.bmp[0m
Warning: Can't load FgObjGFX 'sister_movenone.bmp' - ignored!
[0;32mI (30318) drawprim: BMP: loaded /sd/blinkensisters/V0.5.4/ADDON/LostPixels/sister_moveleft.bmp (32x64 24bpp)[0m
[0;33mW (30348) drawprim: BMP: cannot open /sd/blinkensisters/V0.5.4/ADDON/LostPixels/sister_moveleftup.bmp[0m
Warning: Can't load FgObjGFX 'sister_moveleftup.bmp' - ignored!
[0;33mW (30378) drawprim: BMP: cannot open /sd/blinkensisters/V0.5.4/ADDON/LostPixels/sister_moveleftdown.bmp[0m
Warning: Can't load FgObjGFX 'sister_moveleftdown.bmp' - ignored!
[0;32mI (30398) drawprim: BMP: loaded /sd/blinkensisters/V0.5.4/ADDON/LostPixels/sister_moveright.bmp (32x64 24bpp)[0m
[0;33mW (30428) drawprim: BMP: cannot open /sd/blinkensisters/V0.5.4/ADDON/LostPixels/sister_moverightup.bmp[0m
Warning: Can't load FgObjGFX 'sister_moverightup.bmp' - ignored!
[0;33mW (30458) drawprim: BMP: cannot open /sd/blinkensisters/V0.5.4/ADDON/LostPixels/sister_moverightdown.bmp[0m
Warning: Can't load FgObjGFX 'sister_moverightdown.bmp' - ignored!
[0;33mW (30488) drawprim: BMP: cannot open /sd/blinkensisters/V0.5.4/ADDON/LostPixels/sister_moveup.bmp[0m
Warning: Can't load FgObjGFX 'sister_moveup.bmp' - ignored!
[0;33mW (30528) drawprim: BMP: cannot open /sd/blinkensisters/V0.5.4/ADDON/LostPixels/sister_movedown.bmp[0m
Warning: Can't load FgObjGFX 'sister_movedown.bmp' - ignored!
[0;32mI (30758) drawprim: JPEG: /sd/blinkensisters/V0.5.4/ADDON/LostPixels/level11.jpg 780x540 (mcu 16x16, padded 784x544), need 1279488 bytes[0m
[0;32mI (30858) drawprim: JPEG: loaded /sd/blinkensisters/V0.5.4/ADDON/LostPixels/level11.jpg (780x540)[0m
[0;32mI (30878) drawprim: BMP: loaded /sd/blinkensisters/V0.5.4/ADDON/LostPixels/boxtiles.bmp (32x288 24bpp)[0m
Init Tiles2D
Number of tile objects: 386
Tiles2Array took 19 ticks for 386 elements
Starting script for Level11 in BlinkenLUA / Lua 5.0.2!
[0;32mI (30938) drawprim: BMP: loaded /sd/blinkensisters/V0.5.4/ADDON/LostPixels/boxtile_door_closed.bmp (32x32 24bpp)[0m
[0;32mI (30948) drawprim: BMP: loaded /sd/blinkensisters/V0.5.4/ADDON/LostPixels/boxtile_door_open.bmp (32x32 24bpp)[0m
[0;33mW (30948) pal_audio: Cannot open FX file: fx_open_door.mp3[0m
Freeing monster sprites...
[0;33mW (31058) selftest: [LostPixels] level 11/21: OK, 8 warning/error log line(s), first: W (30298) drawprim: BMP: cannot open /sd/blinkensisters/V0.5.4/ADDON/LostPixels/sister_movenone.bmp[0m
[0;32mI (31058) selftest: [LostPixels] level 11/21: free PSRAM 24948868, largest block 24117248, free internal 141807[0m
[0;32mI (31058) selftest: [LostPixels] level 12/21: loading[0m
[0;32mI (31068) drawprim: BMP: loaded /sd/blinkensisters/V0.5.4/ADDON/LostPixels/monster1_left.bmp (32x64 24bpp)[0m
[0;32mI (31078) drawprim: BMP: loaded /sd/blinkensisters/V0.5.4/ADDON/LostPixels/monster1_right.bmp (32x64 24bpp)[0m
[0;32mI (31088) drawprim: BMP: loaded /sd/blinkensisters/V0.5.4/ADDON/LostPixels/monster2_left.bmp (32x64 24bpp)[0m
[0;32mI (31098) drawprim: BMP: loaded /sd/blinkensisters/V0.5.4/ADDON/LostPixels/monster2_right.bmp (32x64 24bpp)[0m
[0;32mI (31108) drawprim: BMP: loaded /sd/blinkensisters/V0.5.4/ADDON/LostPixels/monster3_left.bmp (32x64 24bpp)[0m
[0;32mI (31118) drawprim: BMP: loaded /sd/blinkensisters/V0.5.4/ADDON/LostPixels/monster3_right.bmp (32x64 24bpp)[0m
[0;32mI (31128) drawprim: BMP: loaded /sd/blinkensisters/V0.5.4/ADDON/LostPixels/monster4_left.bmp (32x64 24bpp)[0m
[0;32mI (31138) drawprim: BMP: loaded /sd/blinkensisters/V0.5.4/ADDON/LostPixels/monster4_right.bmp (32x64 24bpp)[0m
[0;32mI (31158) drawprim: BMP: loaded /sd/blinkensisters/V0.5.4/ADDON/LostPixels/monster5_left.bmp (32x128 24bpp)[0m
[0;32mI (31168) drawprim: BMP: loaded /sd/blinkensisters/V0.5.4/ADDON/LostPixels/monster5_right.bmp (32x128 24bpp)[0m
[0;33mW (31228) drawprim: BMP: cannot open /sd/blinkensisters/V0.5.4/ADDON/LostPixels/sister_movenone.bmp[0m
Warning: Can't load FgObjGFX 'sister_movenone.bmp' - ignored!
[0;32mI (31238) drawprim: BMP: loaded /sd/blinkensisters/V0.5.4/ADDON/LostPixels/sister_moveleft.bmp (32x64 24bpp)[0m
[0;33mW (31278) drawprim: BMP: cannot open /sd/blinkensisters/V0.5.4/ADDON/LostPixels/sister_moveleftup.bmp[0m
Warning: Can't load FgObjGFX 'sister_moveleftup.bmp' - ignored!
[0;33mW (31308) drawprim: BMP: cannot open /sd/blinkensisters/V0.5.4/ADDON/LostPixels/sister_moveleftdown.bmp[0m
Warning: Can't load FgObjGFX 'sister_moveleftdown.bmp' - ignored!
[0;32mI (31328) drawprim: BMP: loaded /sd/blinkensisters/V0.5.4/ADDON/LostPixels/sister_moveright.bmp (32x64 24bpp)[0m
[0;33mW (31358) drawprim: BMP: cannot open /sd/blinkensisters/V0.5.4/ADDON/LostPixels/sister_moverightup.bmp[0m
Warning: Can't load FgObjGFX 'sister_moverightup.bmp' - ignored!
[0;33mW (31388) drawprim: BMP: cannot open /sd/blinkensisters/V0.5.4/ADDON/LostPixels/sister_moverightdown.bmp[0m
Warning: Can't load FgObjGFX 'sister_moverightdown.bmp' - ignored!
[0;33mW (31418) drawprim: BMP: cannot open /sd/blinkensisters/V0.5.4/ADDON/LostPixels/sister_moveup.bmp[0m
Warning: Can't load FgObjGFX 'sister_moveup.bmp' - ignored!
[0;33mW (31458) drawprim: BMP: cannot open /sd/blinkensisters/V0.5.4/ADDON/LostPixels/sister_movedown.bmp[0m
Warning: Can't load FgObjGFX 'sister_movedown.bmp' - ignored!
[0;32mI (31668) drawprim: JPEG: /sd/blinkensisters/V0.5.4/ADDON/LostPixels/level12.jpg 2450x980 (mcu 16x16, padded 2464x992), need 7332864 bytes[0m
[0;32mI (32228) drawprim: JPEG: loaded /sd/blinkensisters/V0.5.4/ADDON/LostPixels/level12.jpg (2450x980)[0m
[0;32mI (32248) drawprim: BMP: loaded /sd/blinkensisters/V0.5.4/ADDON/LostPixels/bath_invis_tiles.bmp (32x288 8bpp)[0m
Init Tiles2D
Number of tile objects: 1525
Tiles2Array took 86 ticks for 1525 elements
Starting script for Level12 in BlinkenLUA / Lua 5.0.2!
[0;32mI (32408) drawprim: PNG: loaded /sd/blinkensisters/V0.5.4/ADDON/LostPixels/fg_secret_pointer.png (280x80)[0m
[0;32mI (32428) drawprim: BMP: loaded /sd/blinkensisters/V0.5.4/ADDON/LostPixels/monster_bee_right.bmp (32x32 8bpp)[0m
[0;32mI (32448) drawprim: BMP: loaded /sd/blinkensisters/V0.5.4/ADDON/LostPixels/monster_bee_right2.bmp (32x32 24bpp)[0m
[0;32mI (32458) drawprim: BMP: loaded /sd/blinkensisters/V0.5.4/ADDON/LostPixels/monster_bee_left.bmp (32x32 8bpp)[0m
[0;32mI (32478) drawprim: BMP: loaded /sd/blinkensisters/V0.5.4/ADDON/LostPixels/monster_bee_left2.bmp (32x32 24bpp)[0m
[1;31mE (32488) cache: esp_cache_msync(103): invalid addr or null pointer[0m
[1;31mE (32488) sdmmc_cmd: sdmmc_read_sectors_dma: sdmmc_send_cmd returned 0x102, status 0x900[0m
[1;31mE (32488) diskio_sdmmc: sdmmc_read_blocks failed (0x102)[0m
[0;33mW (32488) drawprim: BMP: bad magic /sd/blinkensisters/V0.5.4/ADDON/LostPixels/fg_door_closed.bmp[0m
[1;31mE (32488) bserror: FATAL ERROR 102: Can't read or understand image file | /sd/blinkensisters/V0.5.4/ADDON/LostPixels/fg_door_closed.bmp | ./main/game/fgobjects.cpp:107[0m
Freeing monster sprites...
[1;31mE (32558) selftest: [LostPixels] level 12/21: FAILED in load: error 102: Can't read or understand image file | /sd/blinkensisters/V0.5.4/ADDON/LostPixels/fg_door_closed.bmp | ./main/game/fgobjects.cpp:107[0m
[0;32mI (32558) selftest: [LostPixels] level 12/21: free PSRAM 24948868, largest block 24117248, free internal 141807[0m
[0;32mI (32558) selftest: [LostPixels] level 13/21: loading[0m
[0;32mI (32568) drawprim: BMP: loaded /sd/blinkensisters/V0.5.4/ADDON/LostPixels/monster1_left.bmp (32x64 24bpp)[0m
[0;32mI (32588) drawprim: BMP: loaded /sd/blinkensisters/V0.5.4/ADDON/LostPixels/monster1_right.bmp (32x64 24bpp)[0m
[0;32mI (32598) drawprim: BMP: loaded /sd/blinkensisters/V0.5.4/ADDON/LostPixels/monster2_left.bmp (32x64 24bpp)[0m
[0;32mI (32608) drawprim: BMP: loaded /sd/blinkensisters/V0.5.4/ADDON/LostPixels/monster2_right.bmp (32x64 24bpp)[0m
[0;32mI (32618) drawprim: BMP: loaded /sd/blinkensisters/V0.5.4/ADDON/LostPixels/monster3_left.bmp (32x64 24bpp)[0m
[0;32mI (32628) drawprim: BMP: loaded /sd/blinkensisters/V0.5.4/ADDON/LostPixels/monster3_right.bmp (32x64 24bpp)[0m
[0;32mI (32638) drawprim: BMP: loaded /sd/blinkensisters/V0.5.4/ADDON/LostPixels/monster4_left.bmp (32x64 24bpp)[0m
[0;32mI (32648) drawprim: BMP: loaded /sd/blinkensisters/V0.5.4/ADDON/LostPixels/monster4_right.bmp (32x64 24bpp)[0m
[0;32mI (32658) drawprim: BMP: loaded /sd/blinkensisters/V0.5.4/ADDON/LostPixels/monster5_left.bmp (32x128 24bpp)[0m
[0;32mI (32678) drawprim: BMP: loaded /sd/blinkensisters/V0.5.4/ADDON/LostPixels/monster5_right.bmp (32x128 24bpp)[0m
[0;33mW (32728) drawprim: BMP: cannot open /sd/blinkensisters/V0.5.4/ADDON/LostPixels/sister_movenone.bmp[0m
Warning: Can't load FgObjGFX 'sister_movenone.bmp' - ignored!
[0;32mI (32748) drawprim: BMP: loaded /sd/blinkensisters/V0.5.4/ADDON/LostPixels/sister_moveleft.bmp (32x64 24bpp)[0m
[0;33mW (32778) drawprim: BMP: cannot open /sd/blinkensisters/V0.5.4/ADDON/LostPixels/sister_moveleftup.bmp[0m
Warning: Can't load FgObjGFX 'sister_moveleftup.bmp' - ignored!
[0;33mW (32818) drawprim: BMP: cannot open /sd/blinkensisters/V0.5.4/ADDON/LostPixels/sister_moveleftdown.bmp[0m
Warning: Can't load FgObjGFX 'sister_moveleftdown.bmp' - ignored!
[0;32mI (32828) drawprim: BMP: loaded /sd/blinkensisters/V0.5.4/ADDON/LostPixels/sister_moveright.bmp (32x64 24bpp)[0m
[0;33mW (32868) drawprim: BMP: cannot open /sd/blinkensisters/V0.5.4/ADDON/LostPixels/sister_moverightup.bmp[0m
Warning: Can't load FgObjGFX 'sister_moverightup.bmp' - ignored!
[0;33mW (32898) drawprim: BMP: cannot open /sd/blinkensisters/V0.5.4/ADDON/LostPixels/sister_moverightdown.bmp[0m
Warning: Can't load FgObjGFX 'sister_moverightdown.bmp' - ignored!
[0;33mW (32928) drawprim: BMP: cannot open /sd/blinkensisters/V0.5.4/ADDON/LostPixels/sister_moveup.bmp[0m
Warning: Can't load FgObjGFX 'sister_moveup.bmp' - ignored!
[0;33mW (32958) drawprim: BMP: cannot open /sd/blinkensisters/V0.5.4/ADDON/LostPixels/sister_movedown.bmp[0m
Warning: Can't load FgObjGFX 'sister_movedown.bmp' - ignored!
[0;33mW (33218) drawprim: JPEG: /sd/blinkensisters/V0.5.4/ADDON/LostPixels/level13.jpg is 2431x530 (pixel count not a multiple of 8); decoding as 2428x530[0m
[0;32mI (33218) drawprim: JPEG: /sd/blinkensisters/V0.5.4/ADDON/LostPixels/level13.jpg 2428x530 (mcu 16x16, padded 2432x544), need 3969024 bytes[0m
[0;32mI (33528) drawprim: JPEG: loaded /sd/blinkensisters/V0.5.4/ADDON/LostPixels/level13.jpg (2428x530)[0m
[0;32mI (33548) drawprim: BMP: loaded /sd/blinkensisters/V0.5.4/ADDON/LostPixels/boxtiles.bmp (32x288 24bpp)[0m
Init Tiles2D
Number of tile objects: 341
Freeing monster sprites...
[0;33mW (33628) selftest: [LostPixels] level 13/21: OK, 8 warning/error log line(s), first: W (32728) drawprim: BMP: cannot open /sd/blinkensisters/V0.5.4/ADDON/LostPixels/sister_movenone.bmp[0m
[0;32mI (33628) selftest: [LostPixels] level 13/21: free PSRAM 24948868, largest block 24117248, free internal 141291[0m
[0;32mI (33628) selftest: [LostPixels] level 14/21: loading[0m
[0;32mI (33638) drawprim: BMP: loaded /sd/blinkensisters/V0.5.4/ADDON/LostPixels/monster1_left.bmp (32x64 24bpp)[0m
[0;32mI (33648) drawprim: BMP: loaded /sd/blinkensisters/V0.5.4/ADDON/LostPixels/monster1_right.bmp (32x64 24bpp)[0m
[0;32mI (33658) drawprim: BMP: loaded /sd/blinkensisters/V0.5.4/ADDON/LostPixels/monster2_left.bmp (32x64 24bpp)[0m
[0;32mI (33668) drawprim: BMP: loaded /sd/blinkensisters/V0.5.4/ADDON/LostPixels/monster2_right.bmp (32x64 24bpp)[0m
[0;32mI (33678) drawprim: BMP: loaded /sd/blinkensisters/V0.5.4/ADDON/LostPixels/monster3_left.bmp (32x64 24bpp)[0m
[0;32mI (33688) drawprim: BMP: loaded /sd/blinkensisters/V0.5.4/ADDON/LostPixels/monster3_right.bmp (32x64 24bpp)[0m
[0;32mI (33698) drawprim: BMP: loaded /sd/blinkensisters/V0.5.4/ADDON/LostPixels/monster4_left.bmp (32x64 24bpp)[0m
[0;32mI (33718) drawprim: BMP: loaded /sd/blinkensisters/V0.5.4/ADDON/LostPixels/monster4_right.bmp (32x64 24bpp)[0m
[0;32mI (33728) drawprim: BMP: loaded /sd/blinkensisters/V0.5.4/ADDON/LostPixels/monster5_left.bmp (32x128 24bpp)[0m
[0;32mI (33748) drawprim: BMP: loaded /sd/blinkensisters/V0.5.4/ADDON/LostPixels/monster5_right.bmp (32x128 24bpp)[0m
[0;33mW (33798) drawprim: BMP: cannot open /sd/blinkensisters/V0.5.4/ADDON/LostPixels/sister_movenone.bmp[0m
Warning: Can't load FgObjGFX 'sister_movenone.bmp' - ignored!
[0;32mI (33818) drawprim: BMP: loaded /sd/blinkensisters/V0.5.4/ADDON/LostPixels/sister_moveleft.bmp (32x64 24bpp)[0m
[0;33mW (33848) drawprim: BMP: cannot open /sd/blinkensisters/V0.5.4/ADDON/LostPixels/sister_moveleftup.bmp[0m
Warning: Can't load FgObjGFX 'sister_moveleftup.bmp' - ignored!
[0;33mW (33878) drawprim: BMP: cannot open /sd/blinkensisters/V0.5.4/ADDON/LostPixels/sister_moveleftdown.bmp[0m
Warning: Can't load FgObjGFX 'sister_moveleftdown.bmp' - ignored!
[0;32mI (33898) drawprim: BMP: loaded /sd/blinkensisters/V0.5.4/ADDON/LostPixels/sister_moveright.bmp (32x64 24bpp)[0m
[0;33mW (33928) drawprim: BMP: cannot open /sd/blinkensisters/V0.5.4/ADDON/LostPixels/sister_moverightup.bmp[0m
Warning: Can't load FgObjGFX 'sister_moverightup.bmp' - ignored!
[0;33mW (33968) drawprim: BMP: cannot open /sd/blinkensisters/V0.5.4/ADDON/LostPixels/sister_moverightdown.bmp[0m
Warning: Can't load FgObjGFX 'sister_moverightdown.bmp' - ignored!
[0;33mW (33998) drawprim: BMP: cannot open /sd/blinkensisters/V0.5.4/ADDON/LostPixels/sister_moveup.bmp[0m
Warning: Can't load FgObjGFX 'sister_moveup.bmp' - ignored!
[0;33mW (34028) drawprim: BMP: cannot open /sd/blinkensisters/V0.5.4/ADDON/LostPixels/sister_movedown.bmp[0m
Warning: Can't load FgObjGFX 'sister_movedown.bmp' - ignored!
[0;32mI (34408) drawprim: JPEG: /sd/blinkensisters/V0.5.4/ADDON/LostPixels/levelbg_desert.jpg 600x1500 (mcu 16x16, padded 608x1504), need 2743296 bytes[0m
[0;32mI (34618) drawprim: JPEG: loaded /sd/blinkensisters/V0.5.4/ADDON/LostPixels/levelbg_desert.jpg (600x1500)[0m
[0;32mI (34648) drawprim: BMP: loaded /sd/blinkensisters/V0.5.4/ADDON/LostPixels/deserttiles.bmp (32x288 24bpp)[0m
Init Tiles2D
Number of tile objects: 6197
Tiles2Array took 401 ticks for 6197 elements
Starting script for Level: Desert 1 (14) in BlinkenLUA / Lua 5.0.2!
[0;32mI (35108) drawprim: BMP: loaded /sd/blinkensisters/V0.5.4/ADDON/LostPixels/desert_door_closed.bmp (32x32 24bpp)[0m
[0;32mI (35118) drawprim: BMP: loaded /sd/blinkensisters/V0.5.4/ADDON/LostPixels/desert_door_open.bmp (32x32 24bpp)[0m
[0;32mI (35138) drawprim: BMP: loaded /sd/blinkensisters/V0.5.4/ADDON/LostPixels/wall_tile.bmp (32x32 24bpp)[0m
[0;32mI (35148) drawprim: BMP: loaded /sd/blinkensisters/V0.5.4/ADDON/LostPixels/fg_switch_aegypten_off.bmp (32x32 24bpp)[0m
[0;32mI (35168) drawprim: BMP: loaded /sd/blinkensisters/V0.5.4/ADDON/LostPixels/fg_switch_aegypten_on.bmp (32x32 24bpp)[0m
[0;32mI (35218) drawprim: PNG: loaded /sd/blinkensisters/V0.5.4/ADDON/LostPixels/fg_wormhole32x32.png (32x32)[0m
[0;32mI (35328) drawprim: PNG: loaded /sd/blinkensisters/V0.5.4/ADDON/LostPixels/fg_wormhole64x64.png (64x64)[0m
Wormhole-Maker included!
Shortname: wormhole64x64_0001.gif
[0;33mW (35358) drawprim: IMG_Load: unknown extension '.gif' for /sd/blinkensisters/V0.5.4/ADDON/LostPixels/wormhole64x64_0001.gif[0m
[1;31mE (35358) bserror: FATAL ERROR 102: Can't read or understand image file | /sd/blinkensisters/V0.5.4/ADDON/LostPixels/wormhole64x64_0001.gif | ./main/game/fgobjects.cpp:107[0m
Freeing monster sprites...
[1;31mE (35548) selftest: [LostPixels] level 14/21: FAILED in load: error 102: Can't read or understand image file | /sd/blinkensisters/V0.5.4/ADDON/LostPixels/wormhole64x64_0001.gif | ./main/game/fgobjects.cpp:107[0m
[0;32mI (35558) selftest: [LostPixels] level 14/21: free PSRAM 24948868, largest block 24117248, free internal 141807[0m
[0;32mI (35558) selftest: [LostPixels] level 15/21: loading[0m
[0;32mI (35568) drawprim: BMP: loaded /sd/blinkensisters/V0.5.4/ADDON/LostPixels/monster1_left.bmp (32x64 24bpp)[0m
[0;32mI (35578) drawprim: BMP: loaded /sd/blinkensisters/V0.5.4/ADDON/LostPixels/monster1_right.bmp (32x64 24bpp)[0m
[0;32mI (35588) drawprim: BMP: loaded /sd/blinkensisters/V0.5.4/ADDON/LostPixels/monster2_left.bmp (32x64 24bpp)[0m
[0;32mI (35598) drawprim: BMP: loaded /sd/blinkensisters/V0.5.4/ADDON/LostPixels/monster2_right.bmp (32x64 24bpp)[0m
[0;32mI (35608) drawprim: BMP: loaded /sd/blinkensisters/V0.5.4/ADDON/LostPixels/monster3_left.bmp (32x64 24bpp)[0m
[0;32mI (35618) drawprim: BMP: loaded /sd/blinkensisters/V0.5.4/ADDON/LostPixels/monster3_right.bmp (32x64 24bpp)[0m
[0;32mI (35628) drawprim: BMP: loaded /sd/blinkensisters/V0.5.4/ADDON/LostPixels/monster4_left.bmp (32x64 24bpp)[0m
[0;32mI (35638) drawprim: BMP: loaded /sd/blinkensisters/V0.5.4/ADDON/LostPixels/monster4_right.bmp (32x64 24bpp)[0m
[0;32mI (35648) drawprim: BMP: loaded /sd/blinkensisters/V0.5.4/ADDON/LostPixels/monster5_left.bmp (32x128 24bpp)[0m
[0;32mI (35668) drawprim: BMP: loaded /sd/blinkensisters/V0.5.4/ADDON/LostPixels/monster5_right.bmp (32x128 24bpp)[0m
[0;33mW (35728) drawprim: BMP: cannot open /sd/blinkensisters/V0.5.4/ADDON/LostPixels/sister_movenone.bmp[0m
Warning: Can't load FgObjGFX 'sister_movenone.bmp' - ignored!
[0;32mI (35738) drawprim: BMP: loaded /sd/blinkensisters/V0.5.4/ADDON/LostPixels/sister_moveleft.bmp (32x64 24bpp)[0m
[0;33mW (35768) drawprim: BMP: cannot open /sd/blinkensisters/V0.5.4/ADDON/LostPixels/sister_moveleftup.bmp[0m
Warning: Can't load FgObjGFX 'sister_moveleftup.bmp' - ignored!
[0;33mW (35808) drawprim: BMP: cannot open /sd/blinkensisters/V0.5.4/ADDON/LostPixels/sister_moveleftdown.bmp[0m
Warning: Can't load FgObjGFX 'sister_moveleftdown.bmp' - ignored!
[0;32mI (35818) drawprim: BMP: loaded /sd/blinkensisters/V0.5.4/ADDON/LostPixels/sister_moveright.bmp (32x64 24bpp)[0m
[0;33mW (35858) drawprim: BMP: cannot open /sd/blinkensisters/V0.5.4/ADDON/LostPixels/sister_moverightup.bmp[0m
Warning: Can't load FgObjGFX 'sister_moverightup.bmp' - ignored!
[0;33mW (35888) drawprim: BMP: cannot open /sd/blinkensisters/V0.5.4/ADDON/LostPixels/sister_moverightdown.bmp[0m
Warning: Can't load FgObjGFX 'sister_moverightdown.bmp' - ignored!
[0;33mW (35918) drawprim: BMP: cannot open /sd/blinkensisters/V0.5.4/ADDON/LostPixels/sister_moveup.bmp[0m
Warning: Can't load FgObjGFX 'sister_moveup.bmp' - ignored!
[0;33mW (35948) drawprim: BMP: cannot open /sd/blinkensisters/V0.5.4/ADDON/LostPixels/sister_movedown.bmp[0m
Warning: Can't load FgObjGFX 'sister_movedown.bmp' - ignored!
[0;32mI (36288) drawprim: JPEG: /sd/blinkensisters/V0.5.4/ADDON/LostPixels/levelbg_desert.jpg 600x1500 (mcu 16x16, padded 608x1504), need 2743296 bytes[0m
[0;32mI (36498) drawprim: JPEG: loaded /sd/blinkensisters/V0.5.4/ADDON/LostPixels/levelbg_desert.jpg (600x1500)[0m
[0;32mI (36518) drawprim: BMP: loaded /sd/blinkensisters/V0.5.4/ADDON/LostPixels/deserttiles.bmp (32x288 24bpp)[0m
Init Tiles2D
Number of tile objects: 5774
Tiles2Array took 379 ticks for 5774 elements
Starting script for Level: Desert 2 (15) in BlinkenLUA / Lua 5.0.2!
Wormhole-Maker included!
Shortname: wormhole64x64_0001.gif
[0;33mW (36968) drawprim: IMG_Load: unknown extension '.gif' for /sd/blinkensisters/V0.5.4/ADDON/LostPixels/wormhole64x64_0001.gif[0m
[1;31mE (36968) bserror: FATAL ERROR 102: Can't read or understand image file | /sd/blinkensisters/V0.5.4/ADDON/LostPixels/wormhole64x64_0001.gif | ./main/game/fgobjects.cpp:107[0m
Freeing monster sprites...
[1;31mE (37148) selftest: [LostPixels] level 15/21: FAILED in load: error 102: Can't read or understand image file | /sd/blinkensisters/V0.5.4/ADDON/LostPixels/wormhole64x64_0001.gif | ./main/game/fgobjects.cpp:107[0m
[0;32mI (37148) selftest: [LostPixels] level 15/21: free PSRAM 24948868, largest block 24117248, free internal 141807[0m
[0;32mI (37148) selftest: [LostPixels] level 16/21: loading[0m
[0;32mI (37158) drawprim: BMP: loaded /sd/blinkensisters/V0.5.4/ADDON/LostPixels/monster1_left.bmp (32x64 24bpp)[0m
[0;32mI (37168) drawprim: BMP: loaded /sd/blinkensisters/V0.5.4/ADDON/LostPixels/monster1_right.bmp (32x64 24bpp)[0m
[0;32mI (37178) drawprim: BMP: loaded /sd/blinkensisters/V0.5.4/ADDON/LostPixels/monster2_left.bmp (32x64 24bpp)[0m
[0;32mI (37188) drawprim: BMP: loaded /sd/blinkensisters/V0.5.4/ADDON/LostPixels/monster2_right.bmp (32x64 24bpp)[0m
[0;32mI (37198) drawprim: BMP: loaded /sd/blinkensisters/V0.5.4/ADDON/LostPixels/monster3_left.bmp (32x64 24bpp)[0m
[0;32mI (37208) drawprim: BMP: loaded /sd/blinkensisters/V0.5.4/ADDON/LostPixels/monster3_right.bmp (32x64 24bpp)[0m
[0;32mI (37218) drawprim: BMP: loaded /sd/blinkensisters/V0.5.4/ADDON/LostPixels/monster4_left.bmp (32x64 24bpp)[0m
[0;32mI (37228) drawprim: BMP: loaded /sd/blinkensisters/V0.5.4/ADDON/LostPixels/monster4_right.bmp (32x64 24bpp)[0m
[0;32mI (37248) drawprim: BMP: loaded /sd/blinkensisters/V0.5.4/ADDON/LostPixels/monster5_left.bmp (32x128 24bpp)[0m
[0;32mI (37258) drawprim: BMP: loaded /sd/blinkensisters/V0.5.4/ADDON/LostPixels/monster5_right.bmp (32x128 24bpp)[0m
[0;33mW (37318) drawprim: BMP: cannot open /sd/blinkensisters/V0.5.4/ADDON/LostPixels/sister_movenone.bmp[0m
Warning: Can't load FgObjGFX 'sister_movenone.bmp' - ignored!
[0;32mI (37338) drawprim: BMP: loaded /sd/blinkensisters/V0.5.4/ADDON/LostPixels/sister_moveleft.bmp (32x64 24bpp)[0m
[0;33mW (37368) drawprim: BMP: cannot open /sd/blinkensisters/V0.5.4/ADDON/LostPixels/sister_moveleftup.bmp[0m
Warning: Can't load FgObjGFX 'sister_moveleftup.bmp' - ignored!
[0;33mW (37398) drawprim: BMP: cannot open /sd/blinkensisters/V0.5.4/ADDON/LostPixels/sister_moveleftdown.bmp[0m
Warning: Can't load FgObjGFX 'sister_moveleftdown.bmp' - ignored!
[0;32mI (37418) drawprim: BMP: loaded /sd/blinkensisters/V0.5.4/ADDON/LostPixels/sister_moveright.bmp (32x64 24bpp)[0m
[0;33mW (37448) drawprim: BMP: cannot open /sd/blinkensisters/V0.5.4/ADDON/LostPixels/sister_moverightup.bmp[0m
Warning: Can't load FgObjGFX 'sister_moverightup.bmp' - ignored!
[0;33mW (37478) drawprim: BMP: cannot open /sd/blinkensisters/V0.5.4/ADDON/LostPixels/sister_moverightdown.bmp[0m
Warning: Can't load FgObjGFX 'sister_moverightdown.bmp' - ignored!
[0;33mW (37518) drawprim: BMP: cannot open /sd/blinkensisters/V0.5.4/ADDON/LostPixels/sister_moveup.bmp[0m
Warning: Can't load FgObjGFX 'sister_moveup.bmp' - ignored!
[0;33mW (37548) drawprim: BMP: cannot open /sd/blinkensisters/V0.5.4/ADDON/LostPixels/sister_movedown.bmp[0m
Warning: Can't load FgObjGFX 'sister_movedown.bmp' - ignored!
[0;32mI (37828) drawprim: JPEG: /sd/blinkensisters/V0.5.4/ADDON/LostPixels/levelbg_desertcave.jpg 1164x740 (mcu 16x16, padded 1168x752), need 2635008 bytes[0m
[0;32mI (38038) drawprim: JPEG: loaded /sd/blinkensisters/V0.5.4/ADDON/LostPixels/levelbg_desertcave.jpg (1164x740)[0m
[0;32mI (38068) drawprim: BMP: loaded /sd/blinkensisters/V0.5.4/ADDON/LostPixels/desertcavetiles.bmp (32x288 24bpp)[0m
Init Tiles2D
Number of tile objects: 2707
Tiles2Array took 171 ticks for 2707 elements
Starting script for Level: Desert 3 (16) in BlinkenLUA / Lua 5.0.2!
[0;32mI (38318) drawprim: JPEG: /sd/blinkensisters/V0.5.4/ADDON/LostPixels/fg_desertcave_desertbg.jpg 594x544 (mcu 16x16, padded 608x544), need 992256 bytes[0m
[0;32mI (38398) drawprim: JPEG: loaded /sd/blinkensisters/V0.5.4/ADDON/LostPixels/fg_desertcave_desertbg.jpg (594x544)[0m
[0;32mI (38468) drawprim: PNG: loaded /sd/blinkensisters/V0.5.4/ADDON/LostPixels/fg_sign_switch_red.png (32x32)[0m
[0;32mI (38478) drawprim: PNG: loaded /sd/blinkensisters/V0.5.4/ADDON/LostPixels/fg_sign_switch_green.png (32x32)[0m
[0;32mI (38498) drawprim: PNG: loaded /sd/blinkensisters/V0.5.4/ADDON/LostPixels/fg_sign_f.png (32x32)[0m
[0;32mI (38518) drawprim: PNG: loaded /sd/blinkensisters/V0.5.4/ADDON/LostPixels/fg_sign_h.png (32x32)[0m
[0;32mI (38538) drawprim: PNG: loaded /sd/blinkensisters/V0.5.4/ADDON/LostPixels/fg_sign_i.png (32x32)[0m
[0;32mI (38548) drawprim: PNG: loaded /sd/blinkensisters/V0.5.4/ADDON/LostPixels/fg_sign_l.png (32x32)[0m
[0;32mI (38568) drawprim: PNG: loaded /sd/blinkensisters/V0.5.4/ADDON/LostPixels/fg_sign_n.png (32x32)[0m
[0;33mW (38568) pal_audio: Cannot open FX file: fx_open_door.mp3[0m
[0;33mW (38568) pal_audio: Cannot open FX file: fx_close_door.mp3[0m
[0;33mW (38568) pal_audio: Cannot open FX file: fx_altemark__bd4.wav[0m
[0;33mW (38568) pal_audio: Cannot open FX file: fx_altemark__bd5.wav[0m
[0;32mI (38588) drawprim: BMP: loaded /sd/blinkensisters/V0.5.4/ADDON/LostPixels/elevator2.bmp (96x32 24bpp)[0m
[0;32mI (38598) drawprim: BMP: loaded /sd/blinkensisters/V0.5.4/ADDON/LostPixels/elevator1.bmp (96x32 24bpp)[0m
Freeing monster sprites...
[0;33mW (38798) selftest: [LostPixels] level 16/21: OK, 11 warning/error log line(s), first: W (37318) drawprim: BMP: cannot open /sd/blinkensisters/V0.5.4/ADDON/LostPixels/sister_movenone.bmp[0m
[0;32mI (38798) selftest: [LostPixels] level 16/21: free PSRAM 24948868, largest block 24117248, free internal 141807[0m
[0;32mI (38798) selftest: [LostPixels] level 17/21: loading[0m
[0;32mI (38808) drawprim: BMP: loaded /sd/blinkensisters/V0.5.4/ADDON/LostPixels/monster1_left.bmp (32x64 24bpp)[0m
[0;32mI (38818) drawprim: BMP: loaded /sd/blinkensisters/V0.5.4/ADDON/LostPixels/monster1_right.bmp (32x64 24bpp)[0m
[0;32mI (38828) drawprim: BMP: loaded /sd/blinkensisters/V0.5.4/ADDON/LostPixels/monster2_left.bmp (32x64 24bpp)[0m
[0;32mI (38838) drawprim: BMP: loaded /sd/blinkensisters/V0.5.4/ADDON/LostPixels/monster2_right.bmp (32x64 24bpp)[0m
[0;32mI (38848) drawprim: BMP: loaded /sd/blinkensisters/V0.5.4/ADDON/LostPixels/monster3_left.bmp (32x64 24bpp)[0m
[0;32mI (38858) drawprim: BMP: loaded /sd/blinkensisters/V0.5.4/ADDON/LostPixels/monster3_right.bmp (32x64 24bpp)[0m
[0;32mI (38868) drawprim: BMP: loaded /sd/blinkensisters/V0.5.4/ADDON/LostPixels/monster4_left.bmp (32x64 24bpp)[0m
[0;32mI (38878) drawprim: BMP: loaded /sd/blinkensisters/V0.5.4/ADDON/LostPixels/monster4_right.bmp (32x64 24bpp)[0m
[0;32mI (38888) drawprim: BMP: loaded /sd/blinkensisters/V0.5.4/ADDON/LostPixels/monster5_left.bmp (32x128 24bpp)[0m
[0;32mI (38908) drawprim: BMP: loaded /sd/blinkensisters/V0.5.4/ADDON/LostPixels/monster5_right.bmp (32x128 24bpp)[0m
[0;33mW (38968) drawprim: BMP: cannot open /sd/blinkensisters/V0.5.4/ADDON/LostPixels/sister_movenone.bmp[0m
Warning: Can't load FgObjGFX 'sister_movenone.bmp' - ignored!
[0;32mI (38988) drawprim: BMP: loaded /sd/blinkensisters/V0.5.4/ADDON/LostPixels/sister_moveleft.bmp (32x64 24bpp)[0m
[0;33mW (39018) drawprim: BMP: cannot open /sd/blinkensisters/V0.5.4/ADDON/LostPixels/sister_moveleftup.bmp[0m
Warning: Can't load FgObjGFX 'sister_moveleftup.bmp' - ignored!
[0;33mW (39048) drawprim: BMP: cannot open /sd/blinkensisters/V0.5.4/ADDON/LostPixels/sister_moveleftdown.bmp[0m
Warning: Can't load FgObjGFX 'sister_moveleftdown.bmp' - ignored!
[0;32mI (39068) drawprim: BMP: loaded /sd/blinkensisters/V0.5.4/ADDON/LostPixels/sister_moveright.bmp (32x64 24bpp)[0m
[0;33mW (39098) drawprim: BMP: cannot open /sd/blinkensisters/V0.5.4/ADDON/LostPixels/sister_moverightup.bmp[0m
Warning: Can't load FgObjGFX 'sister_moverightup.bmp' - ignored!
[0;33mW (39128) drawprim: BMP: cannot open /sd/blinkensisters/V0.5.4/ADDON/LostPixels/sister_moverightdown.bmp[0m
Warning: Can't load FgObjGFX 'sister_moverightdown.bmp' - ignored!
[0;33mW (39158) drawprim: BMP: cannot open /sd/blinkensisters/V0.5.4/ADDON/LostPixels/sister_moveup.bmp[0m
Warning: Can't load FgObjGFX 'sister_moveup.bmp' - ignored!
[0;33mW (39198) drawprim: BMP: cannot open /sd/blinkensisters/V0.5.4/ADDON/LostPixels/sister_movedown.bmp[0m
Warning: Can't load FgObjGFX 'sister_movedown.bmp' - ignored!
[0;32mI (39318) drawprim: JPEG: /sd/blinkensisters/V0.5.4/ADDON/LostPixels/levelbg_desert.jpg 600x1500 (mcu 16x16, padded 608x1504), need 2743296 bytes[0m
[0;32mI (39528) drawprim: JPEG: loaded /sd/blinkensisters/V0.5.4/ADDON/LostPixels/levelbg_desert.jpg (600x1500)[0m
[0;32mI (39578) drawprim: BMP: loaded /sd/blinkensisters/V0.5.4/ADDON/LostPixels/desertcavetiles.bmp (32x288 24bpp)[0m
Init Tiles2D
Number of tile objects: 1217
Tiles2Array took 71 ticks for 1217 elements
Starting script for Level: Desert 4 (17) in BlinkenLUA / Lua 5.0.2!
Firetile-Maker included!
[0;32mI (39748) drawprim: PNG: loaded /sd/blinkensisters/V0.5.4/ADDON/LostPixels/firetile1.png (32x32)[0m
[0;32mI (39768) drawprim: PNG: loaded /sd/blinkensisters/V0.5.4/ADDON/LostPixels/firetile2.png (32x32)[0m
[0;32mI (39778) drawprim: PNG: loaded /sd/blinkensisters/V0.5.4/ADDON/LostPixels/firetile3.png (32x32)[0m
[0;32mI (39798) drawprim: PNG: loaded /sd/blinkensisters/V0.5.4/ADDON/LostPixels/firetile4.png (32x32)[0m
[0;32mI (39818) drawprim: PNG: loaded /sd/blinkensisters/V0.5.4/ADDON/LostPixels/firetile5.png (32x32)[0m
[0;32mI (39828) drawprim: PNG: loaded /sd/blinkensisters/V0.5.4/ADDON/LostPixels/firetile6.png (32x32)[0m
Freeing monster sprites...
[0;33mW (40148) selftest: [LostPixels] level 17/21: OK, 7 warning/error log line(s), first: W (38968) drawprim: BMP: cannot open /sd/blinkensisters/V0.5.4/ADDON/LostPixels/sister_movenone.bmp[0m
[0;32mI (40148) selftest: [LostPixels] level 17/21: free PSRAM 24948868, largest block 24117248, free internal 141779[0m
[0;32mI (40148) selftest: [LostPixels] level 18/21: loading[0m
[0;32mI (40158) drawprim: BMP: loaded /sd/blinkensisters/V0.5.4/ADDON/LostPixels/monster1_left.bmp (32x64 24bpp)[0m
[0;32mI (40168) drawprim: BMP: loaded /sd/blinkensisters/V0.5.4/ADDON/LostPixels/monster1_right.bmp (32x64 24bpp)[0m
[0;32mI (40178) drawprim: BMP: loaded /sd/blinkensisters/V0.5.4/ADDON/LostPixels/monster2_left.bmp (32x64 24bpp)[0m
[0;32mI (40188) drawprim: BMP: loaded /sd/blinkensisters/V0.5.4/ADDON/LostPixels/monster2_right.bmp (32x64 24bpp)[0m
[0;32mI (40198) drawprim: BMP: loaded /sd/blinkensisters/V0.5.4/ADDON/LostPixels/monster3_left.bmp (32x64 24bpp)[0m
[0;32mI (40208) drawprim: BMP: loaded /sd/blinkensisters/V0.5.4/ADDON/LostPixels/monster3_right.bmp (32x64 24bpp)[0m
[0;32mI (40218) drawprim: BMP: loaded /sd/blinkensisters/V0.5.4/ADDON/LostPixels/monster4_left.bmp (32x64 24bpp)[0m
[0;32mI (40228) drawprim: BMP: loaded /sd/blinkensisters/V0.5.4/ADDON/LostPixels/monster4_right.bmp (32x64 24bpp)[0m
[0;32mI (40238) drawprim: BMP: loaded /sd/blinkensisters/V0.5.4/ADDON/LostPixels/monster5_left.bmp (32x128 24bpp)[0m
[0;32mI (40258) drawprim: BMP: loaded /sd/blinkensisters/V0.5.4/ADDON/LostPixels/monster5_right.bmp (32x128 24bpp)[0m
[0;33mW (40318) drawprim: BMP: cannot open /sd/blinkensisters/V0.5.4/ADDON/LostPixels/sister_movenone.bmp[0m
Warning: Can't load FgObjGFX 'sister_movenone.bmp' - ignored!
[0;32mI (40328) drawprim: BMP: loaded /sd/blinkensisters/V0.5.4/ADDON/LostPixels/sister_moveleft.bmp (32x64 24bpp)[0m
[0;33mW (40368) drawprim: BMP: cannot open /sd/blinkensisters/V0.5.4/ADDON/LostPixels/sister_moveleftup.bmp[0m
Warning: Can't load FgObjGFX 'sister_moveleftup.bmp' - ignored!
[0;33mW (40398) drawprim: BMP: cannot open /sd/blinkensisters/V0.5.4/ADDON/LostPixels/sister_moveleftdown.bmp[0m
Warning: Can't load FgObjGFX 'sister_moveleftdown.bmp' - ignored!
[0;32mI (40418) drawprim: BMP: loaded /sd/blinkensisters/V0.5.4/ADDON/LostPixels/sister_moveright.bmp (32x64 24bpp)[0m
[0;33mW (40448) drawprim: BMP: cannot open /sd/blinkensisters/V0.5.4/ADDON/LostPixels/sister_moverightup.bmp[0m
Warning: Can't load FgObjGFX 'sister_moverightup.bmp' - ignored!
[0;33mW (40478) drawprim: BMP: cannot open /sd/blinkensisters/V0.5.4/ADDON/LostPixels/sister_moverightdown.bmp[0m
Warning: Can't load FgObjGFX 'sister_moverightdown.bmp' - ignored!
[0;33mW (40508) drawprim: BMP: cannot open /sd/blinkensisters/V0.5.4/ADDON/LostPixels/sister_moveup.bmp[0m
Warning: Can't load FgObjGFX 'sister_moveup.bmp' - ignored!
[0;33mW (40548) drawprim: BMP: cannot open /sd/blinkensisters/V0.5.4/ADDON/LostPixels/sister_movedown.bmp[0m
Warning: Can't load FgObjGFX 'sister_movedown.bmp' - ignored!
[0;32mI (41168) drawprim: JPEG: /sd/blinkensisters/V0.5.4/ADDON/LostPixels/levelbg_desertcave.jpg 1164x740 (mcu 16x16, padded 1168x752), need 2635008 bytes[0m
[0;32mI (41378) drawprim: JPEG: loaded /sd/blinkensisters/V0.5.4/ADDON/LostPixels/levelbg_desertcave.jpg (1164x740)[0m
[0;32mI (41408) drawprim: BMP: loaded /sd/blinkensisters/V0.5.4/ADDON/LostPixels/desertcavetiles.bmp (32x288 24bpp)[0m
Init Tiles2D
Number of tile objects: 11607
Starting script for Level: Desert 5 (18) in BlinkenLUA / Lua 5.0.2!
[0;32mI (41528) drawprim: JPEG: /sd/blinkensisters/V0.5.4/ADDON/LostPixels/fg_desertcave_desertbg.jpg 594x544 (mcu 16x16, padded 608x544), need 992256 bytes[0m
[0;32mI (41608) drawprim: JPEG: loaded /sd/blinkensisters/V0.5.4/ADDON/LostPixels/fg_desertcave_desertbg.jpg (594x544)[0m
[0;32mI (41668) drawprim: PNG: loaded /sd/blinkensisters/V0.5.4/ADDON/LostPixels/firetile1.png (32x32)[0m
[0;32mI (41688) drawprim: PNG: loaded /sd/blinkensisters/V0.5.4/ADDON/LostPixels/firetile2.png (32x32)[0m
[0;32mI (41708) drawprim: PNG: loaded /sd/blinkensisters/V0.5.4/ADDON/LostPixels/firetile3.png (32x32)[0m
[0;32mI (41718) drawprim: PNG: loaded /sd/blinkensisters/V0.5.4/ADDON/LostPixels/firetile4.png (32x32)[0m
[0;32mI (41738) drawprim: PNG: loaded /sd/blinkensisters/V0.5.4/ADDON/LostPixels/firetile5.png (32x32)[0m
[0;32mI (41758) drawprim: PNG: loaded /sd/blinkensisters/V0.5.4/ADDON/LostPixels/firetile6.png (32x32)[0m
[0;32mI (41778) drawprim: PNG: loaded /sd/blinkensisters/V0.5.4/ADDON/LostPixels/fg_sign_switch_red.png (32x32)[0m
[0;32mI (41798) drawprim: PNG: loaded /sd/blinkensisters/V0.5.4/ADDON/LostPixels/fg_sign_switch_green.png (32x32)[0m
[0;32mI (41858) drawprim: PNG: loaded /sd/blinkensisters/V0.5.4/ADDON/LostPixels/fg_wormhole32x32.png (32x32)[0m
[0;32mI (41958) drawprim: PNG: loaded /sd/blinkensisters/V0.5.4/ADDON/LostPixels/fg_wormhole64x64.png (64x64)[0m
[0;32mI (41968) drawprim: PNG: loaded /sd/blinkensisters/V0.5.4/ADDON/LostPixels/fg_sign_a.png (32x32)[0m
[0;32mI (41988) drawprim: PNG: loaded /sd/blinkensisters/V0.5.4/ADDON/LostPixels/fg_sign_b.png (32x32)[0m
[0;32mI (42008) drawprim: PNG: loaded /sd/blinkensisters/V0.5.4/ADDON/LostPixels/fg_sign_c.png (32x32)[0m
[0;32mI (42018) drawprim: PNG: loaded /sd/blinkensisters/V0.5.4/ADDON/LostPixels/fg_sign_d.png (32x32)[0m
[0;32mI (42038) drawprim: PNG: loaded /sd/blinkensisters/V0.5.4/ADDON/LostPixels/fg_sign_e.png (32x32)[0m
[0;32mI (42048) drawprim: PNG: loaded /sd/blinkensisters/V0.5.4/ADDON/LostPixels/fg_sign_f.png (32x32)[0m
[0;32mI (42068) drawprim: PNG: loaded /sd/blinkensisters/V0.5.4/ADDON/LostPixels/fg_sign_g.png (32x32)[0m
[0;32mI (42078) drawprim: PNG: loaded /sd/blinkensisters/V0.5.4/ADDON/LostPixels/fg_sign_h.png (32x32)[0m
[0;32mI (42098) drawprim: PNG: loaded /sd/blinkensisters/V0.5.4/ADDON/LostPixels/fg_sign_i.png (32x32)[0m
[0;32mI (42118) drawprim: PNG: loaded /sd/blinkensisters/V0.5.4/ADDON/LostPixels/fg_sign_j.png (32x32)[0m
[0;32mI (42128) drawprim: PNG: loaded /sd/blinkensisters/V0.5.4/ADDON/LostPixels/fg_sign_k.png (32x32)[0m
[0;32mI (42148) drawprim: PNG: loaded /sd/blinkensisters/V0.5.4/ADDON/LostPixels/fg_sign_l.png (32x32)[0m
[0;32mI (42168) drawprim: PNG: loaded /sd/blinkensisters/V0.5.4/ADDON/LostPixels/fg_sign_m.png (32x32)[0m
[0;32mI (42178) drawprim: PNG: loaded /sd/blinkensisters/V0.5.4/ADDON/LostPixels/fg_sign_n.png (32x32)[0m
[0;32mI (42198) drawprim: PNG: loaded /sd/blinkensisters/V0.5.4/ADDON/LostPixels/fg_sign_o.png (32x32)[0m
[0;33mW (42198) pal_audio: Cannot open FX file: fx_open_door.mp3[0m
[0;33mW (42198) pal_audio: Cannot open FX file: fx_close_door.mp3[0m
[0;33mW (42198) pal_audio: Cannot open FX file: fx_altemark__bd4.wav[0m
[0;33mW (42198) pal_audio: Cannot open FX file: fx_altemark__bd5.wav[0m
[0;33mW (42198) pal_audio: Cannot open FX file: fx_altemark__gongend.wav[0m
[0;32mI (42208) drawprim: BMP: loaded /sd/blinkensisters/V0.5.4/ADDON/LostPixels/elevator2.bmp (96x32 24bpp)[0m
[0;32mI (42228) drawprim: BMP: loaded /sd/blinkensisters/V0.5.4/ADDON/LostPixels/elevator1.bmp (96x32 24bpp)[0m
Freeing monster sprites...
[0;33mW (42448) selftest: [LostPixels] level 18/21: OK, 12 warning/error log line(s), first: W (40318) drawprim: BMP: cannot open /sd/blinkensisters/V0.5.4/ADDON/LostPixels/sister_movenone.bmp[0m
[0;32mI (42448) selftest: [LostPixels] level 18/21: free PSRAM 24948868, largest block 24117248, free internal 141767[0m
[0;32mI (42448) selftest: [LostPixels] level 19/21: loading[0m
[0;32mI (42458) drawprim: BMP: loaded /sd/blinkensisters/V0.5.4/ADDON/LostPixels/monster1_left.bmp (32x64 24bpp)[0m
[0;32mI (42468) drawprim: BMP: loaded /sd/blinkensisters/V0.5.4/ADDON/LostPixels/monster1_right.bmp (32x64 24bpp)[0m
[0;32mI (42478) drawprim: BMP: loaded /sd/blinkensisters/V0.5.4/ADDON/LostPixels/monster2_left.bmp (32x64 24bpp)[0m
[0;32mI (42488) drawprim: BMP: loaded /sd/blinkensisters/V0.5.4/ADDON/LostPixels/monster2_right.bmp (32x64 24bpp)[0m
[0;32mI (42498) drawprim: BMP: loaded /sd/blinkensisters/V0.5.4/ADDON/LostPixels/monster3_left.bmp (32x64 24bpp)[0m
[0;32mI (42508) drawprim: BMP: loaded /sd/blinkensisters/V0.5.4/ADDON/LostPixels/monster3_right.bmp (32x64 24bpp)[0m
[0;32mI (42518) drawprim: BMP: loaded /sd/blinkensisters/V0.5.4/ADDON/LostPixels/monster4_left.bmp (32x64 24bpp)[0m
[0;32mI (42538) drawprim: BMP: loaded /sd/blinkensisters/V0.5.4/ADDON/LostPixels/monster4_right.bmp (32x64 24bpp)[0m
[0;32mI (42548) drawprim: BMP: loaded /sd/blinkensisters/V0.5.4/ADDON/LostPixels/monster5_left.bmp (32x128 24bpp)[0m
[0;32mI (42568) drawprim: BMP: loaded /sd/blinkensisters/V0.5.4/ADDON/LostPixels/monster5_right.bmp (32x128 24bpp)[0m
[0;33mW (42618) drawprim: BMP: cannot open /sd/blinkensisters/V0.5.4/ADDON/LostPixels/sister_movenone.bmp[0m
Warning: Can't load FgObjGFX 'sister_movenone.bmp' - ignored!
[0;32mI (42638) drawprim: BMP: loaded /sd/blinkensisters/V0.5.4/ADDON/LostPixels/sister_moveleft.bmp (32x64 24bpp)[0m
[0;33mW (42668) drawprim: BMP: cannot open /sd/blinkensisters/V0.5.4/ADDON/LostPixels/sister_moveleftup.bmp[0m
Warning: Can't load FgObjGFX 'sister_moveleftup.bmp' - ignored!
[0;33mW (42708) drawprim: BMP: cannot open /sd/blinkensisters/V0.5.4/ADDON/LostPixels/sister_moveleftdown.bmp[0m
Warning: Can't load FgObjGFX 'sister_moveleftdown.bmp' - ignored!
[0;32mI (42718) drawprim: BMP: loaded /sd/blinkensisters/V0.5.4/ADDON/LostPixels/sister_moveright.bmp (32x64 24bpp)[0m
[0;33mW (42748) drawprim: BMP: cannot open /sd/blinkensisters/V0.5.4/ADDON/LostPixels/sister_moverightup.bmp[0m
Warning: Can't load FgObjGFX 'sister_moverightup.bmp' - ignored!
[0;33mW (42788) drawprim: BMP: cannot open /sd/blinkensisters/V0.5.4/ADDON/LostPixels/sister_moverightdown.bmp[0m
Warning: Can't load FgObjGFX 'sister_moverightdown.bmp' - ignored!
[0;33mW (42818) drawprim: BMP: cannot open /sd/blinkensisters/V0.5.4/ADDON/LostPixels/sister_moveup.bmp[0m
Warning: Can't load FgObjGFX 'sister_moveup.bmp' - ignored!
[0;33mW (42848) drawprim: BMP: cannot open /sd/blinkensisters/V0.5.4/ADDON/LostPixels/sister_movedown.bmp[0m
Warning: Can't load FgObjGFX 'sister_movedown.bmp' - ignored!
[0;32mI (42948) drawprim: JPEG: /sd/blinkensisters/V0.5.4/ADDON/LostPixels/levelbg_desert.jpg 600x1500 (mcu 16x16, padded 608x1504), need 2743296 bytes[0m
[0;32mI (43158) drawprim: JPEG: loaded /sd/blinkensisters/V0.5.4/ADDON/LostPixels/levelbg_desert.jpg (600x1500)[0m
[0;32mI (43188) drawprim: BMP: loaded /sd/blinkensisters/V0.5.4/ADDON/LostPixels/desertcavetiles.bmp (32x288 24bpp)[0m
Init Tiles2D
Number of tile objects: 319
Tiles2Array took 16 ticks for 319 elements
Starting script for Level: Desert 6 (19) in BlinkenLUA / Lua 5.0.2!
[0;32mI (43258) drawprim: PNG: loaded /sd/blinkensisters/V0.5.4/ADDON/LostPixels/firetile1.png (32x32)[0m
[0;32mI (43278) drawprim: PNG: loaded /sd/blinkensisters/V0.5.4/ADDON/LostPixels/firetile2.png (32x32)[0m
[0;32mI (43298) drawprim: PNG: loaded /sd/blinkensisters/V0.5.4/ADDON/LostPixels/firetile3.png (32x32)[0m
[0;32mI (43318) drawprim: PNG: loaded /sd/blinkensisters/V0.5.4/ADDON/LostPixels/firetile4.png (32x32)[0m
[0;32mI (43328) drawprim: PNG: loaded /sd/blinkensisters/V0.5.4/ADDON/LostPixels/firetile5.png (32x32)[0m
[0;32mI (43348) drawprim: PNG: loaded /sd/blinkensisters/V0.5.4/ADDON/LostPixels/firetile6.png (32x32)[0m
[0;32mI (43378) drawprim: BMP: loaded /sd/blinkensisters/V0.5.4/ADDON/LostPixels/wall_tile.bmp (32x32 24bpp)[0m
Freeing monster sprites...
[0;33mW (43498) selftest: [LostPixels] level 19/21: OK, 7 warning/error log line(s), first: W (42618) drawprim: BMP: cannot open /sd/blinkensisters/V0.5.4/ADDON/LostPixels/sister_movenone.bmp[0m
[0;32mI (43498) selftest: [LostPixels] level 19/21: free PSRAM 24948868, largest block 24117248, free internal 141767[0m
[0;32mI (43498) selftest: [LostPixels] level 20/21: loading[0m
[0;32mI (43508) drawprim: BMP: loaded /sd/blinkensisters/V0.5.4/ADDON/LostPixels/monster1_left.bmp (32x64 24bpp)[0m
[0;32mI (43518) drawprim: BMP: loaded /sd/blinkensisters/V0.5.4/ADDON/LostPixels/monster1_right.bmp (32x64 24bpp)[0m
[0;32mI (43528) drawprim: BMP: loaded /sd/blinkensisters/V0.5.4/ADDON/LostPixels/monster2_left.bmp (32x64 24bpp)[0m
[0;32mI (43538) drawprim: BMP: loaded /sd/blinkensisters/V0.5.4/ADDON/LostPixels/monster2_right.bmp (32x64 24bpp)[0m
[0;32mI (43548) drawprim: BMP: loaded /sd/blinkensisters/V0.5.4/ADDON/LostPixels/monster3_left.bmp (32x64 24bpp)[0m
[0;32mI (43558) drawprim: BMP: loaded /sd/blinkensisters/V0.5.4/ADDON/LostPixels/monster3_right.bmp (32x64 24bpp)[0m
[0;32mI (43568) drawprim: BMP: loaded /sd/blinkensisters/V0.5.4/ADDON/LostPixels/monster4_left.bmp (32x64 24bpp)[0m
[0;32mI (43578) drawprim: BMP: loaded /sd/blinkensisters/V0.5.4/ADDON/LostPixels/monster4_right.bmp (32x64 24bpp)[0m
[0;32mI (43598) drawprim: BMP: loaded /sd/blinkensisters/V0.5.4/ADDON/LostPixels/monster5_left.bmp (32x128 24bpp)[0m
[0;32mI (43608) drawprim: BMP: loaded /sd/blinkensisters/V0.5.4/ADDON/LostPixels/monster5_right.bmp (32x128 24bpp)[0m
[0;33mW (43668) drawprim: BMP: cannot open /sd/blinkensisters/V0.5.4/ADDON/LostPixels/sister_movenone.bmp[0m
Warning: Can't load FgObjGFX 'sister_movenone.bmp' - ignored!
[0;32mI (43688) drawprim: BMP: loaded /sd/blinkensisters/V0.5.4/ADDON/LostPixels/sister_moveleft.bmp (32x64 24bpp)[0m
[0;33mW (43718) drawprim: BMP: cannot open /sd/blinkensisters/V0.5.4/ADDON/LostPixels/sister_moveleftup.bmp[0m
Warning: Can't load FgObjGFX 'sister_moveleftup.bmp' - ignored!
[0;33mW (43748) drawprim: BMP: cannot open /sd/blinkensisters/V0.5.4/ADDON/LostPixels/sister_moveleftdown.bmp[0m
Warning: Can't load FgObjGFX 'sister_moveleftdown.bmp' - ignored!
[0;32mI (43768) drawprim: BMP: loaded /sd/blinkensisters/V0.5.4/ADDON/LostPixels/sister_moveright.bmp (32x64 24bpp)[0m
[0;33mW (43798) drawprim: BMP: cannot open /sd/blinkensisters/V0.5.4/ADDON/LostPixels/sister_moverightup.bmp[0m
Warning: Can't load FgObjGFX 'sister_moverightup.bmp' - ignored!
[0;33mW (43828) drawprim: BMP: cannot open /sd/blinkensisters/V0.5.4/ADDON/LostPixels/sister_moverightdown.bmp[0m
Warning: Can't load FgObjGFX 'sister_moverightdown.bmp' - ignored!
[0;33mW (43868) drawprim: BMP: cannot open /sd/blinkensisters/V0.5.4/ADDON/LostPixels/sister_moveup.bmp[0m
Warning: Can't load FgObjGFX 'sister_moveup.bmp' - ignored!
[0;33mW (43898) drawprim: BMP: cannot open /sd/blinkensisters/V0.5.4/ADDON/LostPixels/sister_movedown.bmp[0m
Warning: Can't load FgObjGFX 'sister_movedown.bmp' - ignored!
[0;33mW (44038) drawprim: JPEG: /sd/blinkensisters/V0.5.4/ADDON/LostPixels/level20.jpg is 495x598 (pixel count not a multiple of 8); decoding as 494x596[0m
[0;32mI (44038) drawprim: JPEG: /sd/blinkensisters/V0.5.4/ADDON/LostPixels/level20.jpg 494x596 (mcu 16x16, padded 496x608), need 904704 bytes[0m
[0;32mI (44108) drawprim: JPEG: loaded /sd/blinkensisters/V0.5.4/ADDON/LostPixels/level20.jpg (494x596)[0m
[0;32mI (44128) drawprim: BMP: loaded /sd/blinkensisters/V0.5.4/ADDON/LostPixels/bathtiles.bmp (32x288 8bpp)[0m
Init Tiles2D
Number of tile objects: 117
Tiles2Array took 5 ticks for 117 elements
Starting script for Level20 in BlinkenLUA / Lua 5.0.2!
Wormhole-Maker included!
Shortname: wormhole64x64_0001.gif
[0;33mW (44198) drawprim: IMG_Load: unknown extension '.gif' for /sd/blinkensisters/V0.5.4/ADDON/LostPixels/wormhole64x64_0001.gif[0m
[1;31mE (44198) bserror: FATAL ERROR 102: Can't read or understand image file | /sd/blinkensisters/V0.5.4/ADDON/LostPixels/wormhole64x64_0001.gif | ./main/game/fgobjects.cpp:107[0m
Freeing monster sprites...
[1;31mE (44238) selftest: [LostPixels] level 20/21: FAILED in load: error 102: Can't read or understand image file | /sd/blinkensisters/V0.5.4/ADDON/LostPixels/wormhole64x64_0001.gif | ./main/game/fgobjects.cpp:107[0m
[0;32mI (44238) selftest: [LostPixels] level 20/21: free PSRAM 24948868, largest block 24117248, free internal 141767[0m
[0;32mI (44238) selftest: [LostPixels] level 21/21: loading[0m
[0;32mI (44248) drawprim: BMP: loaded /sd/blinkensisters/V0.5.4/ADDON/LostPixels/monster1_left.bmp (32x64 24bpp)[0m
[0;32mI (44258) drawprim: BMP: loaded /sd/blinkensisters/V0.5.4/ADDON/LostPixels/monster1_right.bmp (32x64 24bpp)[0m
[0;32mI (44268) drawprim: BMP: loaded /sd/blinkensisters/V0.5.4/ADDON/LostPixels/monster2_left.bmp (32x64 24bpp)[0m
[0;32mI (44278) drawprim: BMP: loaded /sd/blinkensisters/V0.5.4/ADDON/LostPixels/monster2_right.bmp (32x64 24bpp)[0m
[0;32mI (44288) drawprim: BMP: loaded /sd/blinkensisters/V0.5.4/ADDON/LostPixels/monster3_left.bmp (32x64 24bpp)[0m
[0;32mI (44298) drawprim: BMP: loaded /sd/blinkensisters/V0.5.4/ADDON/LostPixels/monster3_right.bmp (32x64 24bpp)[0m
[0;32mI (44308) drawprim: BMP: loaded /sd/blinkensisters/V0.5.4/ADDON/LostPixels/monster4_left.bmp (32x64 24bpp)[0m
[0;32mI (44318) drawprim: BMP: loaded /sd/blinkensisters/V0.5.4/ADDON/LostPixels/monster4_right.bmp (32x64 24bpp)[0m
[0;32mI (44338) drawprim: BMP: loaded /sd/blinkensisters/V0.5.4/ADDON/LostPixels/monster5_left.bmp (32x128 24bpp)[0m
[0;32mI (44348) drawprim: BMP: loaded /sd/blinkensisters/V0.5.4/ADDON/LostPixels/monster5_right.bmp (32x128 24bpp)[0m
[0;33mW (44408) drawprim: BMP: cannot open /sd/blinkensisters/V0.5.4/ADDON/LostPixels/sister_movenone.bmp[0m
Warning: Can't load FgObjGFX 'sister_movenone.bmp' - ignored!
[0;32mI (44428) drawprim: BMP: loaded /sd/blinkensisters/V0.5.4/ADDON/LostPixels/sister_moveleft.bmp (32x64 24bpp)[0m
[0;33mW (44458) drawprim: BMP: cannot open /sd/blinkensisters/V0.5.4/ADDON/LostPixels/sister_moveleftup.bmp[0m
Warning: Can't load FgObjGFX 'sister_moveleftup.bmp' - ignored!
[0;33mW (44488) drawprim: BMP: cannot open /sd/blinkensisters/V0.5.4/ADDON/LostPixels/sister_moveleftdown.bmp[0m
Warning: Can't load FgObjGFX 'sister_moveleftdown.bmp' - ignored!
[0;32mI (44508) drawprim: BMP: loaded /sd/blinkensisters/V0.5.4/ADDON/LostPixels/sister_moveright.bmp (32x64 24bpp)[0m
[0;33mW (44538) drawprim: BMP: cannot open /sd/blinkensisters/V0.5.4/ADDON/LostPixels/sister_moverightup.bmp[0m
Warning: Can't load FgObjGFX 'sister_moverightup.bmp' - ignored!
[0;33mW (44568) drawprim: BMP: cannot open /sd/blinkensisters/V0.5.4/ADDON/LostPixels/sister_moverightdown.bmp[0m
Warning: Can't load FgObjGFX 'sister_moverightdown.bmp' - ignored!
[0;33mW (44608) drawprim: BMP: cannot open /sd/blinkensisters/V0.5.4/ADDON/LostPixels/sister_moveup.bmp[0m
Warning: Can't load FgObjGFX 'sister_moveup.bmp' - ignored!
[0;33mW (44638) drawprim: BMP: cannot open /sd/blinkensisters/V0.5.4/ADDON/LostPixels/sister_movedown.bmp[0m
Warning: Can't load FgObjGFX 'sister_movedown.bmp' - ignored!
[0;32mI (45328) drawprim: JPEG: /sd/blinkensisters/V0.5.4/ADDON/LostPixels/level1.jpg 2528x892 (mcu 16x16, padded 2528x896), need 6795264 bytes[0m
[0;32mI (45858) drawprim: JPEG: loaded /sd/blinkensisters/V0.5.4/ADDON/LostPixels/level1.jpg (2528x892)[0m
[0;32mI (45868) drawprim: BMP: loaded /sd/blinkensisters/V0.5.4/ADDON/LostPixels/bathtiles.bmp (32x288 8bpp)[0m
Init Tiles2D
Number of tile objects: 304
Freeing monster sprites...
[0;33mW (45958) selftest: [LostPixels] level 21/21: OK, 7 warning/error log line(s), first: W (44408) drawprim: BMP: cannot open /sd/blinkensisters/V0.5.4/ADDON/LostPixels/sister_movenone.bmp[0m
[0;32mI (45958) selftest: [LostPixels] level 21/21: free PSRAM 24948868, largest block 24117248, free internal 141767[0m
addon: 
[0;32mI (45998) drawprim: JPEG: /sd/blinkensisters/V0.5.4/loading.jpg 640x480 (mcu 8x8, padded 640x480), need 921600 bytes[0m
[0;32mI (46078) drawprim: JPEG: loaded /sd/blinkensisters/V0.5.4/loading.jpg (640x480)[0m
[0;32mI (46408) drawprim: Fullscreen: stretched /sd/blinkensisters/V0.5.4/loading.jpg from 640x480 to 800x480[0m
addon: Icy
[0;32mI (46688) drawprim: JPEG: /sd/blinkensisters/V0.5.4/ADDON/Icy/loading.jpg 640x480 (mcu 8x8, padded 640x480), need 921600 bytes[0m
[0;32mI (46758) drawprim: JPEG: loaded /sd/blinkensisters/V0.5.4/ADDON/Icy/loading.jpg (640x480)[0m
[0;32mI (47098) drawprim: Fullscreen: stretched /sd/blinkensisters/V0.5.4/ADDON/Icy/loading.jpg from 640x480 to 800x480[0m
[0;32mI (47288) selftest: [Icy] "Icy": 7 level(s)[0m
[0;32mI (47288) selftest: [Icy] level 1/7: loading[0m
[0;32mI (47288) drawprim: BMP: loaded /sd/blinkensisters/V0.5.4/ADDON/Icy/monster1_left.bmp (32x64 24bpp)[0m
[0;32mI (47298) drawprim: BMP: loaded /sd/blinkensisters/V0.5.4/ADDON/Icy/monster1_right.bmp (32x64 24bpp)[0m
[0;32mI (47308) drawprim: BMP: loaded /sd/blinkensisters/V0.5.4/ADDON/Icy/monster2_left.bmp (32x64 24bpp)[0m
[0;32mI (47318) drawprim: BMP: loaded /sd/blinkensisters/V0.5.4/ADDON/Icy/monster2_right.bmp (32x64 24bpp)[0m
[0;32mI (47328) drawprim: BMP: loaded /sd/blinkensisters/V0.5.4/ADDON/Icy/monster3_left.bmp (32x64 24bpp)[0m
[0;32mI (47338) drawprim: BMP: loaded /sd/blinkensisters/V0.5.4/ADDON/Icy/monster3_right.bmp (32x64 24bpp)[0m
[0;32mI (47338) drawprim: BMP: loaded /sd/blinkensisters/V0.5.4/ADDON/Icy/monster4_left.bmp (32x64 24bpp)[0m
[0;32mI (47348) drawprim: BMP: loaded /sd/blinkensisters/V0.5.4/ADDON/Icy/monster4_right.bmp (32x64 24bpp)[0m
[0;32mI (47368) drawprim: BMP: loaded /sd/blinkensisters/V0.5.4/ADDON/Icy/monster5_left.bmp (32x128 32bpp)[0m
[0;32mI (47378) drawprim: BMP: loaded /sd/blinkensisters/V0.5.4/ADDON/Icy/monster5_right.bmp (32x128 32bpp)[0m
[0;33mW (47428) drawprim: BMP: cannot open /sd/blinkensisters/V0.5.4/ADDON/Icy/sister_movenone.bmp[0m
Warning: Can't load FgObjGFX 'sister_movenone.bmp' - ignored!
[0;32mI (47438) drawprim: BMP: loaded /sd/blinkensisters/V0.5.4/ADDON/Icy/sister_moveleft.bmp (32x64 32bpp)[0m
[0;33mW (47468) drawprim: BMP: cannot open /sd/blinkensisters/V0.5.4/ADDON/Icy/sister_moveleftup.bmp[0m
Warning: Can't load FgObjGFX 'sister_moveleftup.bmp' - ignored!
[0;33mW (47488) drawprim: BMP: cannot open /sd/blinkensisters/V0.5.4/ADDON/Icy/sister_moveleftdown.bmp[0m
Warning: Can't load FgObjGFX 'sister_moveleftdown.bmp' - ignored!
[0;32mI (47498) drawprim: BMP: loaded /sd/blinkensisters/V0.5.4/ADDON/Icy/sister_moveright.bmp (32x64 32bpp)[0m
[0;33mW (47518) drawprim: BMP: cannot open /sd/blinkensisters/V0.5.4/ADDON/Icy/sister_moverightup.bmp[0m
Warning: Can't load FgObjGFX 'sister_moverightup.bmp' - ignored!
[0;33mW (47548) drawprim: BMP: cannot open /sd/blinkensisters/V0.5.4/ADDON/Icy/sister_moverightdown.bmp[0m
Warning: Can't load FgObjGFX 'sister_moverightdown.bmp' - ignored!
[0;33mW (47568) drawprim: BMP: cannot open /sd/blinkensisters/V0.5.4/ADDON/Icy/sister_moveup.bmp[0m
Warning: Can't load FgObjGFX 'sister_moveup.bmp' - ignored!
[0;33mW (47588) drawprim: BMP: cannot open /sd/blinkensisters/V0.5.4/ADDON/Icy/sister_movedown.bmp[0m
Warning: Can't load FgObjGFX 'sister_movedown.bmp' - ignored!
[0;32mI (48348) drawprim: JPEG: /sd/blinkensisters/V0.5.4/ADDON/Icy/level1.jpg 2528x892 (mcu 16x16, padded 2528x896), need 6795264 bytes[0m
[0;32mI (48878) drawprim: JPEG: loaded /sd/blinkensisters/V0.5.4/ADDON/Icy/level1.jpg (2528x892)[0m
[0;32mI (48908) drawprim: BMP: loaded /sd/blinkensisters/V0.5.4/ADDON/Icy/icytiles.bmp (32x288 24bpp)[0m
Init Tiles2D
Number of tile objects: 247
Tiles2Array took 12 ticks for 247 elements
Starting script for Level: 1 in BlinkenLUA / Lua 5.0.2!
Water-Maker included!
[0;32mI (48978) drawprim: PNG: loaded /sd/blinkensisters/V0.5.4/ADDON/Icy/water1.png (32x32)[0m
[0;32mI (48988) drawprim: PNG: loaded /sd/blinkensisters/V0.5.4/ADDON/Icy/water2.png (32x32)[0m
[0;32mI (49008) drawprim: PNG: loaded /sd/blinkensisters/V0.5.4/ADDON/Icy/water3.png (32x32)[0m
[0;32mI (49018) drawprim: PNG: loaded /sd/blinkensisters/V0.5.4/ADDON/Icy/water4.png (32x32)[0m
[0;32mI (49028) drawprim: PNG: loaded /sd/blinkensisters/V0.5.4/ADDON/Icy/water5.png (32x32)[0m
[0;32mI (49038) drawprim: PNG: loaded /sd/blinkensisters/V0.5.4/ADDON/Icy/water6.png (32x32)[0m
[0;32mI (49048) drawprim: BMP: loaded /sd/blinkensisters/V0.5.4/ADDON/Icy/water_deep.bmp (32x32 24bpp)[0m
Cicero lib: bubble
Cicero lib: text maker
[0;32mI (49108) drawprim: BMP: loaded /sd/blinkensisters/V0.5.4/ADDON/Icy/A.bmp (8x8 24bpp)[0m
[0;32mI (49128) drawprim: BMP: loaded /sd/blinkensisters/V0.5.4/ADDON/Icy/B.bmp (8x8 24bpp)[0m
[0;32mI (49138) drawprim: BMP: loaded /sd/blinkensisters/V0.5.4/ADDON/Icy/C.bmp (8x8 24bpp)[0m
[0;32mI (49148) drawprim: BMP: loaded /sd/blinkensisters/V0.5.4/ADDON/Icy/D.bmp (8x8 24bpp)[0m
[0;32mI (49158) drawprim: BMP: loaded /sd/blinkensisters/V0.5.4/ADDON/Icy/E.bmp (8x8 24bpp)[0m
[0;32mI (49168) drawprim: BMP: loaded /sd/blinkensisters/V0.5.4/ADDON/Icy/F.bmp (8x8 24bpp)[0m
[0;32mI (49178) drawprim: BMP: loaded /sd/blinkensisters/V0.5.4/ADDON/Icy/G.bmp (8x8 24bpp)[0m
[0;32mI (49188) drawprim: BMP: loaded /sd/blinkensisters/V0.5.4/ADDON/Icy/H.bmp (8x8 24bpp)[0m
[0;32mI (49198) drawprim: BMP: loaded /sd/blinkensisters/V0.5.4/ADDON/Icy/I.bmp (8x8 24bpp)[0m
[0;32mI (49208) drawprim: BMP: loaded /sd/blinkensisters/V0.5.4/ADDON/Icy/J.bmp (8x8 24bpp)[0m
[0;32mI (49218) drawprim: BMP: loaded /sd/blinkensisters/V0.5.4/ADDON/Icy/K.bmp (8x8 24bpp)[0m
[0;32mI (49228) drawprim: BMP: loaded /sd/blinkensisters/V0.5.4/ADDON/Icy/L.bmp (8x8 24bpp)[0m
[0;32mI (49238) drawprim: BMP: loaded /sd/blinkensisters/V0.5.4/ADDON/Icy/M.bmp (8x8 24bpp)[0m
[0;32mI (49248) drawprim: BMP: loaded /sd/blinkensisters/V0.5.4/ADDON/Icy/N.bmp (8x8 24bpp)[0m
[0;32mI (49258) drawprim: BMP: loaded /sd/blinkensisters/V0.5.4/ADDON/Icy/O.bmp (8x8 24bpp)[0m
[0;32mI (49268) drawprim: BMP: loaded /sd/blinkensisters/V0.5.4/ADDON/Icy/P.bmp (8x8 24bpp)[0m
[0;32mI (49278) drawprim: BMP: loaded /sd/blinkensisters/V0.5.4/ADDON/Icy/Q.bmp (8x8 24bpp)[0m
[0;32mI (49288) drawprim: BMP: loaded /sd/blinkensisters/V0.5.4/ADDON/Icy/R.bmp (8x8 24bpp)[0m
[0;32mI (49308) drawprim: BMP: loaded /sd/blinkensisters/V0.5.4/ADDON/Icy/S.bmp (8x8 24bpp)[0m
[0;32mI (49318) drawprim: BMP: loaded /sd/blinkensisters/V0.5.4/ADDON/Icy/T.bmp (8x8 24bpp)[0m
[0;32mI (49328) drawprim: BMP: loaded /sd/blinkensisters/V0.5.4/ADDON/Icy/U.bmp (8x8 24bpp)[0m
[0;32mI (49338) drawprim: BMP: loaded /sd/blinkensisters/V0.5.4/ADDON/Icy/V.bmp (8x8 24bpp)[0m
[0;32mI (49348) drawprim: BMP: loaded /sd/blinkensisters/V0.5.4/ADDON/Icy/W.bmp (8x8 24bpp)[0m
[0;32mI (49358) drawprim: BMP: loaded /sd/blinkensisters/V0.5.4/ADDON/Icy/X.bmp (8x8 24bpp)[0m
[0;32mI (49368) drawprim: BMP: loaded /sd/blinkensisters/V0.5.4/ADDON/Icy/Y.bmp (8x8 24bpp)[0m
[0;32mI (49378) drawprim: BMP: loaded /sd/blinkensisters/V0.5.4/ADDON/Icy/Z.bmp (8x8 24bpp)[0m
[0;32mI (49398) drawprim: BMP: loaded /sd/blinkensisters/V0.5.4/ADDON/Icy/_a.bmp (8x8 24bpp)[0m
[0;32mI (49408) drawprim: BMP: loaded /sd/blinkensisters/V0.5.4/ADDON/Icy/_b.bmp (8x8 24bpp)[0m
[0;32mI (49428) drawprim: BMP: loaded /sd/blinkensisters/V0.5.4/ADDON/Icy/_c.bmp (8x8 24bpp)[0m
[0;32mI (49438) drawprim: BMP: loaded /sd/blinkensisters/V0.5.4/ADDON/Icy/_d.bmp (8x8 24bpp)[0m
[0;32mI (49448) drawprim: BMP: loaded /sd/blinkensisters/V0.5.4/ADDON/Icy/_e.bmp (8x8 24bpp)[0m
[0;32mI (49458) drawprim: BMP: loaded /sd/blinkensisters/V0.5.4/ADDON/Icy/_f.bmp (8x8 24bpp)[0m
[0;32mI (49468) drawprim: BMP: loaded /sd/blinkensisters/V0.5.4/ADDON/Icy/_g.bmp (8x8 24bpp)[0m
[0;32mI (49488) drawprim: BMP: loaded /sd/blinkensisters/V0.5.4/ADDON/Icy/_h.bmp (8x8 24bpp)[0m
[0;32mI (49498) drawprim: BMP: loaded /sd/blinkensisters/V0.5.4/ADDON/Icy/_i.bmp (8x8 24bpp)[0m
[0;32mI (49508) drawprim: BMP: loaded /sd/blinkensisters/V0.5.4/ADDON/Icy/_j.bmp (8x8 24bpp)[0m
[0;32mI (49518) drawprim: BMP: loaded /sd/blinkensisters/V0.5.4/ADDON/Icy/_k.bmp (8x8 24bpp)[0m
[0;32mI (49538) drawprim: BMP: loaded /sd/blinkensisters/V0.5.4/ADDON/Icy/_l.bmp (8x8 24bpp)[0m
[0;32mI (49548) drawprim: BMP: loaded /sd/blinkensisters/V0.5.4/ADDON/Icy/_m.bmp (8x8 24bpp)[0m
[0;32mI (49558) drawprim: BMP: loaded /sd/blinkensisters/V0.5.4/ADDON/Icy/_n.bmp (8x8 24bpp)[0m
[0;32mI (49568) drawprim: BMP: loaded /sd/blinkensisters/V0.5.4/ADDON/Icy/_o.bmp (8x8 24bpp)[0m
[0;32mI (49588) drawprim: BMP: loaded /sd/blinkensisters/V0.5.4/ADDON/Icy/_p.bmp (8x8 24bpp)[0m
[0;32mI (49598) drawprim: BMP: loaded /sd/blinkensisters/V0.5.4/ADDON/Icy/_q.bmp (8x8 24bpp)[0m
[0;32mI (49618) drawprim: BMP: loaded /sd/blinkensisters/V0.5.4/ADDON/Icy/_r.bmp (8x8 24bpp)[0m
[0;32mI (49628) drawprim: BMP: loaded /sd/blinkensisters/V0.5.4/ADDON/Icy/_s.bmp (8x8 24bpp)[0m
[0;32mI (49638) drawprim: BMP: loaded /sd/blinkensisters/V0.5.4/ADDON/Icy/_t.bmp (8x8 24bpp)[0m
[0;32mI (49648) drawprim: BMP: loaded /sd/blinkensisters/V0.5.4/ADDON/Icy/_u.bmp (8x8 24bpp)[0m
[0;32mI (49668) drawprim: BMP: loaded /sd/blinkensisters/V0.5.4/ADDON/Icy/_v.bmp (8x8 24bpp)[0m
[0;32mI (49678) drawprim: BMP: loaded /sd/blinkensisters/V0.5.4/ADDON/Icy/_w.bmp (8x8 24bpp)[0m
[0;32mI (49688) drawprim: BMP: loaded /sd/blinkensisters/V0.5.4/ADDON/Icy/_x.bmp (8x8 32bpp)[0m
[0;32mI (49698) drawprim: BMP: loaded /sd/blinkensisters/V0.5.4/ADDON/Icy/_y.bmp (8x8 32bpp)[0m
[0;32mI (49718) drawprim: BMP: loaded /sd/blinkensisters/V0.5.4/ADDON/Icy/_z.bmp (8x8 32bpp)[0m
[0;32mI (49728) drawprim: BMP: loaded /sd/blinkensisters/V0.5.4/ADDON/Icy/space.bmp (8x8 24bpp)[0m
[0;32mI (49738) drawprim: BMP: loaded /sd/blinkensisters/V0.5.4/ADDON/Icy/dot.bmp (8x8 24bpp)[0m
[0;32mI (49758) drawprim: BMP: loaded /sd/blinkensisters/V0.5.4/ADDON/Icy/komma.bmp (8x8 24bpp)[0m
[0;32mI (49768) drawprim: BMP: loaded /sd/blinkensisters/V0.5.4/ADDON/Icy/qest.bmp (8x8 24bpp)[0m
[0;32mI (49778) drawprim: BMP: loaded /sd/blinkensisters/V0.5.4/ADDON/Icy/exclam.bmp (8x8 24bpp)[0m
[0;32mI (49798) drawprim: BMP: loaded /sd/blinkensisters/V0.5.4/ADDON/Icy/at.bmp (8x8 24bpp)[0m
[0;32mI (49808) drawprim: BMP: loaded /sd/blinkensisters/V0.5.4/ADDON/Icy/u_border.bmp (8x8 24bpp)[0m
[0;32mI (49818) drawprim: BMP: loaded /sd/blinkensisters/V0.5.4/ADDON/Icy/d_border.bmp (8x8 24bpp)[0m
[0;32mI (49838) drawprim: BMP: loaded /sd/blinkensisters/V0.5.4/ADDON/Icy/r_border.bmp (8x8 24bpp)[0m
[0;32mI (49848) drawprim: BMP: loaded /sd/blinkensisters/V0.5.4/ADDON/Icy/l_border.bmp (8x8 24bpp)[0m
[0;32mI (49858) drawprim: BMP: loaded /sd/blinkensisters/V0.5.4/ADDON/Icy/ru_corner.bmp (8x8 24bpp)[0m
[0;32mI (49878) drawprim: BMP: loaded /sd/blinkensisters/V0.5.4/ADDON/Icy/lu_corner.bmp (8x8 24bpp)[0m
[0;32mI (49888) drawprim: BMP: loaded /sd/blinkensisters/V0.5.4/ADDON/Icy/rd_corner.bmp (8x8 24bpp)[0m
[0;32mI (49898) drawprim: BMP: loaded /sd/blinkensisters/V0.5.4/ADDON/Icy/ld_corner.bmp (8x8 24bpp)[0m
[0;32mI (49918) drawprim: BMP: loaded /sd/blinkensisters/V0.5.4/ADDON/Icy/l_tip.bmp (8x16 24bpp)[0m
[0;32mI (49928) drawprim: BMP: loaded /sd/blinkensisters/V0.5.4/ADDON/Icy/r_tip.bmp (8x16 24bpp)[0m
[0;32mI (50058) drawprim: BMP: loaded /sd/blinkensisters/V0.5.4/ADDON/Icy/face.bmp (32x32 24bpp)[0m
Freeing monster sprites...
[0;33mW (50618) selftest: [Icy] level 1/7: OK, 7 warning/error log line(s), first: W (47428) drawprim: BMP: cannot open /sd/blinkensisters/V0.5.4/ADDON/Icy/sister_movenone.bmp[0m
[0;32mI (50618) selftest: [Icy] level 1/7: free PSRAM 24948868, largest block 24117248, free internal 141767[0m
[0;32mI (50618) selftest: [Icy] level 2/7: loading[0m
[0;32mI (50628) drawprim: BMP: loaded /sd/blinkensisters/V0.5.4/ADDON/Icy/monster1_left.bmp (32x64 24bpp)[0m
[0;32mI (50638) drawprim: BMP: loaded /sd/blinkensisters/V0.5.4/ADDON/Icy/monster1_right.bmp (32x64 24bpp)[0m
[0;32mI (50638) drawprim: BMP: loaded /sd/blinkensisters/V0.5.4/ADDON/Icy/monster2_left.bmp (32x64 24bpp)[0m
[0;32mI (50648) drawprim: BMP: loaded /sd/blinkensisters/V0.5.4/ADDON/Icy/monster2_right.bmp (32x64 24bpp)[0m
[0;32mI (50658) drawprim: BMP: loaded /sd/blinkensisters/V0.5.4/ADDON/Icy/monster3_left.bmp (32x64 24bpp)[0m
[0;32mI (50668) drawprim: BMP: loaded /sd/blinkensisters/V0.5.4/ADDON/Icy/monster3_right.bmp (32x64 24bpp)[0m
[0;32mI (50678) drawprim: BMP: loaded /sd/blinkensisters/V0.5.4/ADDON/Icy/monster4_left.bmp (32x64 24bpp)[0m
[0;32mI (50688) drawprim: BMP: loaded /sd/blinkensisters/V0.5.4/ADDON/Icy/monster4_right.bmp (32x64 24bpp)[0m
[0;32mI (50698) drawprim: BMP: loaded /sd/blinkensisters/V0.5.4/ADDON/Icy/monster5_left.bmp (32x128 32bpp)[0m
[0;32mI (50718) drawprim: BMP: loaded /sd/blinkensisters/V0.5.4/ADDON/Icy/monster5_right.bmp (32x128 32bpp)[0m
[0;33mW (50758) drawprim: BMP: cannot open /sd/blinkensisters/V0.5.4/ADDON/Icy/sister_movenone.bmp[0m
Warning: Can't load FgObjGFX 'sister_movenone.bmp' - ignored!
[0;32mI (50778) drawprim: BMP: loaded /sd/blinkensisters/V0.5.4/ADDON/Icy/sister_moveleft.bmp (32x64 32bpp)[0m
[0;33mW (50798) drawprim: BMP: cannot open /sd/blinkensisters/V0.5.4/ADDON/Icy/sister_moveleftup.bmp[0m
Warning: Can't load FgObjGFX 'sister_moveleftup.bmp' - ignored!
[0;33mW (50818) drawprim: BMP: cannot open /sd/blinkensisters/V0.5.4/ADDON/Icy/sister_moveleftdown.bmp[0m
Warning: Can't load FgObjGFX 'sister_moveleftdown.bmp' - ignored!
[0;32mI (50828) drawprim: BMP: loaded /sd/blinkensisters/V0.5.4/ADDON/Icy/sister_moveright.bmp (32x64 32bpp)[0m
[0;33mW (50858) drawprim: BMP: cannot open /sd/blinkensisters/V0.5.4/ADDON/Icy/sister_moverightup.bmp[0m
Warning: Can't load FgObjGFX 'sister_moverightup.bmp' - ignored!
[0;33mW (50878) drawprim: BMP: cannot open /sd/blinkensisters/V0.5.4/ADDON/Icy/sister_moverightdown.bmp[0m
Warning: Can't load FgObjGFX 'sister_moverightdown.bmp' - ignored!
[0;33mW (50898) drawprim: BMP: cannot open /sd/blinkensisters/V0.5.4/ADDON/Icy/sister_moveup.bmp[0m
Warning: Can't load FgObjGFX 'sister_moveup.bmp' - ignored!
[0;33mW (50928) drawprim: BMP: cannot open /sd/blinkensisters/V0.5.4/ADDON/Icy/sister_movedown.bmp[0m
Warning: Can't load FgObjGFX 'sister_movedown.bmp' - ignored!
[0;32mI (51688) drawprim: JPEG: /sd/blinkensisters/V0.5.4/ADDON/Icy/level1.jpg 2528x892 (mcu 16x16, padded 2528x896), need 6795264 bytes[0m
[0;32mI (52208) drawprim: JPEG: loaded /sd/blinkensisters/V0.5.4/ADDON/Icy/level1.jpg (2528x892)[0m
[0;32mI (52238) drawprim: BMP: loaded /sd/blinkensisters/V0.5.4/ADDON/Icy/icytiles.bmp (32x288 24bpp)[0m
Init Tiles2D
Number of tile objects: 322
Tiles2Array took 16 ticks for 322 elements
Starting script for Level: 2 in BlinkenLUA / Lua 5.0.2!
Cicero lib: bubble
Cicero lib: text maker
[0;32mI (52348) drawprim: BMP: loaded /sd/blinkensisters/V0.5.4/ADDON/Icy/A.bmp (8x8 24bpp)[0m
[0;32mI (52358) drawprim: BMP: loaded /sd/blinkensisters/V0.5.4/ADDON/Icy/B.bmp (8x8 24bpp)[0m
[0;32mI (52368) drawprim: BMP: loaded /sd/blinkensisters/V0.5.4/ADDON/Icy/C.bmp (8x8 24bpp)[0m
[0;32mI (52378) drawprim: BMP: loaded /sd/blinkensisters/V0.5.4/ADDON/Icy/D.bmp (8x8 24bpp)[0m
[0;32mI (52388) drawprim: BMP: loaded /sd/blinkensisters/V0.5.4/ADDON/Icy/E.bmp (8x8 24bpp)[0m
[0;32mI (52398) drawprim: BMP: loaded /sd/blinkensisters/V0.5.4/ADDON/Icy/F.bmp (8x8 24bpp)[0m
[0;32mI (52408) drawprim: BMP: loaded /sd/blinkensisters/V0.5.4/ADDON/Icy/G.bmp (8x8 24bpp)[0m
[0;32mI (52418) drawprim: BMP: loaded /sd/blinkensisters/V0.5.4/ADDON/Icy/H.bmp (8x8 24bpp)[0m
[0;32mI (52428) drawprim: BMP: loaded /sd/blinkensisters/V0.5.4/ADDON/Icy/I.bmp (8x8 24bpp)[0m
[0;32mI (52438) drawprim: BMP: loaded /sd/blinkensisters/V0.5.4/ADDON/Icy/J.bmp (8x8 24bpp)[0m
[0;32mI (52448) drawprim: BMP: loaded /sd/blinkensisters/V0.5.4/ADDON/Icy/K.bmp (8x8 24bpp)[0m
[0;32mI (52458) drawprim: BMP: loaded /sd/blinkensisters/V0.5.4/ADDON/Icy/L.bmp (8x8 24bpp)[0m
[0;32mI (52468) drawprim: BMP: loaded /sd/blinkensisters/V0.5.4/ADDON/Icy/M.bmp (8x8 24bpp)[0m
[0;32mI (52478) drawprim: BMP: loaded /sd/blinkensisters/V0.5.4/ADDON/Icy/N.bmp (8x8 24bpp)[0m
[0;32mI (52498) drawprim: BMP: loaded /sd/blinkensisters/V0.5.4/ADDON/Icy/O.bmp (8x8 24bpp)[0m
[0;32mI (52508) drawprim: BMP: loaded /sd/blinkensisters/V0.5.4/ADDON/Icy/P.bmp (8x8 24bpp)[0m
[0;32mI (52518) drawprim: BMP: loaded /sd/blinkensisters/V0.5.4/ADDON/Icy/Q.bmp (8x8 24bpp)[0m
[0;32mI (52528) drawprim: BMP: loaded /sd/blinkensisters/V0.5.4/ADDON/Icy/R.bmp (8x8 24bpp)[0m
[0;32mI (52538) drawprim: BMP: loaded /sd/blinkensisters/V0.5.4/ADDON/Icy/S.bmp (8x8 24bpp)[0m
[0;32mI (52548) drawprim: BMP: loaded /sd/blinkensisters/V0.5.4/ADDON/Icy/T.bmp (8x8 24bpp)[0m
[0;32mI (52558) drawprim: BMP: loaded /sd/blinkensisters/V0.5.4/ADDON/Icy/U.bmp (8x8 24bpp)[0m
[0;32mI (52568) drawprim: BMP: loaded /sd/blinkensisters/V0.5.4/ADDON/Icy/V.bmp (8x8 24bpp)[0m
[0;32mI (52578) drawprim: BMP: loaded /sd/blinkensisters/V0.5.4/ADDON/Icy/W.bmp (8x8 24bpp)[0m
[0;32mI (52598) drawprim: BMP: loaded /sd/blinkensisters/V0.5.4/ADDON/Icy/X.bmp (8x8 24bpp)[0m
[0;32mI (52608) drawprim: BMP: loaded /sd/blinkensisters/V0.5.4/ADDON/Icy/Y.bmp (8x8 24bpp)[0m
[0;32mI (52618) drawprim: BMP: loaded /sd/blinkensisters/V0.5.4/ADDON/Icy/Z.bmp (8x8 24bpp)[0m
[0;32mI (52628) drawprim: BMP: loaded /sd/blinkensisters/V0.5.4/ADDON/Icy/_a.bmp (8x8 24bpp)[0m
[0;32mI (52638) drawprim: BMP: loaded /sd/blinkensisters/V0.5.4/ADDON/Icy/_b.bmp (8x8 24bpp)[0m
[0;32mI (52648) drawprim: BMP: loaded /sd/blinkensisters/V0.5.4/ADDON/Icy/_c.bmp (8x8 24bpp)[0m
[0;32mI (52658) drawprim: BMP: loaded /sd/blinkensisters/V0.5.4/ADDON/Icy/_d.bmp (8x8 24bpp)[0m
[0;32mI (52668) drawprim: BMP: loaded /sd/blinkensisters/V0.5.4/ADDON/Icy/_e.bmp (8x8 24bpp)[0m
[0;32mI (52688) drawprim: BMP: loaded /sd/blinkensisters/V0.5.4/ADDON/Icy/_f.bmp (8x8 24bpp)[0m
[0;32mI (52698) drawprim: BMP: loaded /sd/blinkensisters/V0.5.4/ADDON/Icy/_g.bmp (8x8 24bpp)[0m
[0;32mI (52708) drawprim: BMP: loaded /sd/blinkensisters/V0.5.4/ADDON/Icy/_h.bmp (8x8 24bpp)[0m
[0;32mI (52718) drawprim: BMP: loaded /sd/blinkensisters/V0.5.4/ADDON/Icy/_i.bmp (8x8 24bpp)[0m
[0;32mI (52738) drawprim: BMP: loaded /sd/blinkensisters/V0.5.4/ADDON/Icy/_j.bmp (8x8 24bpp)[0m
[0;32mI (52748) drawprim: BMP: loaded /sd/blinkensisters/V0.5.4/ADDON/Icy/_k.bmp (8x8 24bpp)[0m
[0;32mI (52768) drawprim: BMP: loaded /sd/blinkensisters/V0.5.4/ADDON/Icy/_l.bmp (8x8 24bpp)[0m
[0;32mI (52778) drawprim: BMP: loaded /sd/blinkensisters/V0.5.4/ADDON/Icy/_m.bmp (8x8 24bpp)[0m
[0;32mI (52788) drawprim: BMP: loaded /sd/blinkensisters/V0.5.4/ADDON/Icy/_n.bmp (8x8 24bpp)[0m
[0;32mI (52798) drawprim: BMP: loaded /sd/blinkensisters/V0.5.4/ADDON/Icy/_o.bmp (8x8 24bpp)[0m
[0;32mI (52818) drawprim: BMP: loaded /sd/blinkensisters/V0.5.4/ADDON/Icy/_p.bmp (8x8 24bpp)[0m
[0;32mI (52828) drawprim: BMP: loaded /sd/blinkensisters/V0.5.4/ADDON/Icy/_q.bmp (8x8 24bpp)[0m
[0;32mI (52838) drawprim: BMP: loaded /sd/blinkensisters/V0.5.4/ADDON/Icy/_r.bmp (8x8 24bpp)[0m
[0;32mI (52848) drawprim: BMP: loaded /sd/blinkensisters/V0.5.4/ADDON/Icy/_s.bmp (8x8 24bpp)[0m
[0;32mI (52868) drawprim: BMP: loaded /sd/blinkensisters/V0.5.4/ADDON/Icy/_t.bmp (8x8 24bpp)[0m
[0;32mI (52878) drawprim: BMP: loaded /sd/blinkensisters/V0.5.4/ADDON/Icy/_u.bmp (8x8 24bpp)[0m
[0;32mI (52888) drawprim: BMP: loaded /sd/blinkensisters/V0.5.4/ADDON/Icy/_v.bmp (8x8 24bpp)[0m
[0;32mI (52898) drawprim: BMP: loaded /sd/blinkensisters/V0.5.4/ADDON/Icy/_w.bmp (8x8 24bpp)[0m
[0;32mI (52918) drawprim: BMP: loaded /sd/blinkensisters/V0.5.4/ADDON/Icy/_x.bmp (8x8 32bpp)[0m
[0;32mI (52928) drawprim: BMP: loaded /sd/blinkensisters/V0.5.4/ADDON/Icy/_y.bmp (8x8 32bpp)[0m
[0;32mI (52938) drawprim: BMP: loaded /sd/blinkensisters/V0.5.4/ADDON/Icy/_z.bmp (8x8 32bpp)[0m
[0;32mI (52958) drawprim: BMP: loaded /sd/blinkensisters/V0.5.4/ADDON/Icy/space.bmp (8x8 24bpp)[0m
[0;32mI (52968) drawprim: BMP: loaded /sd/blinkensisters/V0.5.4/ADDON/Icy/dot.bmp (8x8 24bpp)[0m
[0;32mI (52988) drawprim: BMP: loaded /sd/blinkensisters/V0.5.4/ADDON/Icy/komma.bmp (8x8 24bpp)[0m
[0;32mI (52998) drawprim: BMP: loaded /sd/blinkensisters/V0.5.4/ADDON/Icy/qest.bmp (8x8 24bpp)[0m
[0;32mI (53008) drawprim: BMP: loaded /sd/blinkensisters/V0.5.4/ADDON/Icy/exclam.bmp (8x8 24bpp)[0m
[0;32mI (53018) drawprim: BMP: loaded /sd/blinkensisters/V0.5.4/ADDON/Icy/at.bmp (8x8 24bpp)[0m
[0;32mI (53038) drawprim: BMP: loaded /sd/blinkensisters/V0.5.4/ADDON/Icy/u_border.bmp (8x8 24bpp)[0m
[0;32mI (53048) drawprim: BMP: loaded /sd/blinkensisters/V0.5.4/ADDON/Icy/d_border.bmp (8x8 24bpp)[0m
[0;32mI (53068) drawprim: BMP: loaded /sd/blinkensisters/V0.5.4/ADDON/Icy/r_border.bmp (8x8 24bpp)[0m
[0;32mI (53078) drawprim: BMP: loaded /sd/blinkensisters/V0.5.4/ADDON/Icy/l_border.bmp (8x8 24bpp)[0m
[0;32mI (53088) drawprim: BMP: loaded /sd/blinkensisters/V0.5.4/ADDON/Icy/ru_corner.bmp (8x8 24bpp)[0m
[0;32mI (53098) drawprim: BMP: loaded /sd/blinkensisters/V0.5.4/ADDON/Icy/lu_corner.bmp (8x8 24bpp)[0m
[0;32mI (53118) drawprim: BMP: loaded /sd/blinkensisters/V0.5.4/ADDON/Icy/rd_corner.bmp (8x8 24bpp)[0m
[0;32mI (53128) drawprim: BMP: loaded /sd/blinkensisters/V0.5.4/ADDON/Icy/ld_corner.bmp (8x8 24bpp)[0m
[0;32mI (53138) drawprim: BMP: loaded /sd/blinkensisters/V0.5.4/ADDON/Icy/l_tip.bmp (8x16 24bpp)[0m
[0;32mI (53158) drawprim: BMP: loaded /sd/blinkensisters/V0.5.4/ADDON/Icy/r_tip.bmp (8x16 24bpp)[0m
[0;32mI (53168) drawprim: BMP: loaded /sd/blinkensisters/V0.5.4/ADDON/Icy/face.bmp (32x32 24bpp)[0m
Freeing monster sprites...
[0;33mW (53358) selftest: [Icy] level 2/7: OK, 7 warning/error log line(s), first: W (50758) drawprim: BMP: cannot open /sd/blinkensisters/V0.5.4/ADDON/Icy/sister_movenone.bmp[0m
[0;32mI (53358) selftest: [Icy] level 2/7: free PSRAM 24948868, largest block 24117248, free internal 141767[0m
[0;32mI (53358) selftest: [Icy] level 3/7: loading[0m
[0;32mI (53368) drawprim: BMP: loaded /sd/blinkensisters/V0.5.4/ADDON/Icy/monster1_left.bmp (32x64 24bpp)[0m
[0;32mI (53378) drawprim: BMP: loaded /sd/blinkensisters/V0.5.4/ADDON/Icy/monster1_right.bmp (32x64 24bpp)[0m
[0;32mI (53388) drawprim: BMP: loaded /sd/blinkensisters/V0.5.4/ADDON/Icy/monster2_left.bmp (32x64 24bpp)[0m
[0;32mI (53398) drawprim: BMP: loaded /sd/blinkensisters/V0.5.4/ADDON/Icy/monster2_right.bmp (32x64 24bpp)[0m
[0;32mI (53398) drawprim: BMP: loaded /sd/blinkensisters/V0.5.4/ADDON/Icy/monster3_left.bmp (32x64 24bpp)[0m
[0;32mI (53408) drawprim: BMP: loaded /sd/blinkensisters/V0.5.4/ADDON/Icy/monster3_right.bmp (32x64 24bpp)[0m
[0;32mI (53418) drawprim: BMP: loaded /sd/blinkensisters/V0.5.4/ADDON/Icy/monster4_left.bmp (32x64 24bpp)[0m
[0;32mI (53428) drawprim: BMP: loaded /sd/blinkensisters/V0.5.4/ADDON/Icy/monster4_right.bmp (32x64 24bpp)[0m
[0;32mI (53448) drawprim: BMP: loaded /sd/blinkensisters/V0.5.4/ADDON/Icy/monster5_left.bmp (32x128 32bpp)[0m
[0;32mI (53458) drawprim: BMP: loaded /sd/blinkensisters/V0.5.4/ADDON/Icy/monster5_right.bmp (32x128 32bpp)[0m
[0;33mW (53508) drawprim: BMP: cannot open /sd/blinkensisters/V0.5.4/ADDON/Icy/sister_movenone.bmp[0m
Warning: Can't load FgObjGFX 'sister_movenone.bmp' - ignored!
[0;32mI (53518) drawprim: BMP: loaded /sd/blinkensisters/V0.5.4/ADDON/Icy/sister_moveleft.bmp (32x64 32bpp)[0m
[0;33mW (53538) drawprim: BMP: cannot open /sd/blinkensisters/V0.5.4/ADDON/Icy/sister_moveleftup.bmp[0m
Warning: Can't load FgObjGFX 'sister_moveleftup.bmp' - ignored!
[0;33mW (53558) drawprim: BMP: cannot open /sd/blinkensisters/V0.5.4/ADDON/Icy/sister_moveleftdown.bmp[0m
Warning: Can't load FgObjGFX 'sister_moveleftdown.bmp' - ignored!
[0;32mI (53578) drawprim: BMP: loaded /sd/blinkensisters/V0.5.4/ADDON/Icy/sister_moveright.bmp (32x64 32bpp)[0m
[0;33mW (53598) drawprim: BMP: cannot open /sd/blinkensisters/V0.5.4/ADDON/Icy/sister_moverightup.bmp[0m
Warning: Can't load FgObjGFX 'sister_moverightup.bmp' - ignored!
[0;33mW (53618) drawprim: BMP: cannot open /sd/blinkensisters/V0.5.4/ADDON/Icy/sister_moverightdown.bmp[0m
Warning: Can't load FgObjGFX 'sister_moverightdown.bmp' - ignored!
[0;33mW (53648) drawprim: BMP: cannot open /sd/blinkensisters/V0.5.4/ADDON/Icy/sister_moveup.bmp[0m
Warning: Can't load FgObjGFX 'sister_moveup.bmp' - ignored!
[0;33mW (53668) drawprim: BMP: cannot open /sd/blinkensisters/V0.5.4/ADDON/Icy/sister_movedown.bmp[0m
Warning: Can't load FgObjGFX 'sister_movedown.bmp' - ignored!
[0;32mI (54428) drawprim: JPEG: /sd/blinkensisters/V0.5.4/ADDON/Icy/level1.jpg 2528x892 (mcu 16x16, padded 2528x896), need 6795264 bytes[0m
[0;32mI (54958) drawprim: JPEG: loaded /sd/blinkensisters/V0.5.4/ADDON/Icy/level1.jpg (2528x892)[0m
[0;32mI (54988) drawprim: BMP: loaded /sd/blinkensisters/V0.5.4/ADDON/Icy/icytiles.bmp (32x288 24bpp)[0m
Init Tiles2D
Number of tile objects: 698
Tiles2Array took 36 ticks for 698 elements
Starting script for Level: 1 in BlinkenLUA / Lua 5.0.2!
Water-Maker included!
[0;32mI (55088) drawprim: PNG: loaded /sd/blinkensisters/V0.5.4/ADDON/Icy/water1.png (32x32)[0m
[0;32mI (55098) drawprim: PNG: loaded /sd/blinkensisters/V0.5.4/ADDON/Icy/water2.png (32x32)[0m
[0;32mI (55108) drawprim: PNG: loaded /sd/blinkensisters/V0.5.4/ADDON/Icy/water3.png (32x32)[0m
[0;32mI (55128) drawprim: PNG: loaded /sd/blinkensisters/V0.5.4/ADDON/Icy/water4.png (32x32)[0m
[0;32mI (55138) drawprim: PNG: loaded /sd/blinkensisters/V0.5.4/ADDON/Icy/water5.png (32x32)[0m
[0;32mI (55148) drawprim: PNG: loaded /sd/blinkensisters/V0.5.4/ADDON/Icy/water6.png (32x32)[0m
[0;32mI (55158) drawprim: BMP: loaded /sd/blinkensisters/V0.5.4/ADDON/Icy/water_deep.bmp (32x32 24bpp)[0m
[0;32mI (55168) drawprim: BMP: loaded /sd/blinkensisters/V0.5.4/ADDON/Icy/boxtile_door_closed.bmp (32x32 24bpp)[0m
[0;32mI (55178) drawprim: BMP: loaded /sd/blinkensisters/V0.5.4/ADDON/Icy/boxtile_door_open.bmp (32x32 24bpp)[0m
[0;33mW (55178) pal_audio: Cannot open FX file: fx_open_door.mp3[0m
Freeing monster sprites...
[0;33mW (55538) selftest: [Icy] level 3/7: OK, 8 warning/error log line(s), first: W (53508) drawprim: BMP: cannot open /sd/blinkensisters/V0.5.4/ADDON/Icy/sister_movenone.bmp[0m
[0;32mI (55538) selftest: [Icy] level 3/7: free PSRAM 24948868, largest block 24117248, free internal 141767[0m
[0;32mI (55538) selftest: [Icy] level 4/7: loading[0m
[0;32mI (55548) drawprim: BMP: loaded /sd/blinkensisters/V0.5.4/ADDON/Icy/monster1_left.bmp (32x64 24bpp)[0m
[0;32mI (55558) drawprim: BMP: loaded /sd/blinkensisters/V0.5.4/ADDON/Icy/monster1_right.bmp (32x64 24bpp)[0m
[0;32mI (55568) drawprim: BMP: loaded /sd/blinkensisters/V0.5.4/ADDON/Icy/monster2_left.bmp (32x64 24bpp)[0m
[0;32mI (55578) drawprim: BMP: loaded /sd/blinkensisters/V0.5.4/ADDON/Icy/monster2_right.bmp (32x64 24bpp)[0m
[0;32mI (55578) drawprim: BMP: loaded /sd/blinkensisters/V0.5.4/ADDON/Icy/monster3_left.bmp (32x64 24bpp)[0m
[0;32mI (55588) drawprim: BMP: loaded /sd/blinkensisters/V0.5.4/ADDON/Icy/monster3_right.bmp (32x64 24bpp)[0m
[0;32mI (55598) drawprim: BMP: loaded /sd/blinkensisters/V0.5.4/ADDON/Icy/monster4_left.bmp (32x64 24bpp)[0m
[0;32mI (55608) drawprim: BMP: loaded /sd/blinkensisters/V0.5.4/ADDON/Icy/monster4_right.bmp (32x64 24bpp)[0m
[0;32mI (55628) drawprim: BMP: loaded /sd/blinkensisters/V0.5.4/ADDON/Icy/monster5_left.bmp (32x128 32bpp)[0m
[0;32mI (55638) drawprim: BMP: loaded /sd/blinkensisters/V0.5.4/ADDON/Icy/monster5_right.bmp (32x128 32bpp)[0m
[0;33mW (55688) drawprim: BMP: cannot open /sd/blinkensisters/V0.5.4/ADDON/Icy/sister_movenone.bmp[0m
Warning: Can't load FgObjGFX 'sister_movenone.bmp' - ignored!
[0;32mI (55698) drawprim: BMP: loaded /sd/blinkensisters/V0.5.4/ADDON/Icy/sister_moveleft.bmp (32x64 32bpp)[0m
[0;33mW (55718) drawprim: BMP: cannot open /sd/blinkensisters/V0.5.4/ADDON/Icy/sister_moveleftup.bmp[0m
Warning: Can't load FgObjGFX 'sister_moveleftup.bmp' - ignored!
[0;33mW (55748) drawprim: BMP: cannot open /sd/blinkensisters/V0.5.4/ADDON/Icy/sister_moveleftdown.bmp[0m
Warning: Can't load FgObjGFX 'sister_moveleftdown.bmp' - ignored!
[0;32mI (55758) drawprim: BMP: loaded /sd/blinkensisters/V0.5.4/ADDON/Icy/sister_moveright.bmp (32x64 32bpp)[0m
[0;33mW (55778) drawprim: BMP: cannot open /sd/blinkensisters/V0.5.4/ADDON/Icy/sister_moverightup.bmp[0m
Warning: Can't load FgObjGFX 'sister_moverightup.bmp' - ignored!
[0;33mW (55808) drawprim: BMP: cannot open /sd/blinkensisters/V0.5.4/ADDON/Icy/sister_moverightdown.bmp[0m
Warning: Can't load FgObjGFX 'sister_moverightdown.bmp' - ignored!
[0;33mW (55828) drawprim: BMP: cannot open /sd/blinkensisters/V0.5.4/ADDON/Icy/sister_moveup.bmp[0m
Warning: Can't load FgObjGFX 'sister_moveup.bmp' - ignored!
[0;33mW (55848) drawprim: BMP: cannot open /sd/blinkensisters/V0.5.4/ADDON/Icy/sister_movedown.bmp[0m
Warning: Can't load FgObjGFX 'sister_movedown.bmp' - ignored!
[0;32mI (56608) drawprim: JPEG: /sd/blinkensisters/V0.5.4/ADDON/Icy/level1.jpg 2528x892 (mcu 16x16, padded 2528x896), need 6795264 bytes[0m
[0;32mI (57138) drawprim: JPEG: loaded /sd/blinkensisters/V0.5.4/ADDON/Icy/level1.jpg (2528x892)[0m
[0;32mI (57168) drawprim: BMP: loaded /sd/blinkensisters/V0.5.4/ADDON/Icy/icytiles.bmp (32x288 24bpp)[0m
Init Tiles2D
Number of tile objects: 436
Tiles2Array took 22 ticks for 436 elements
Starting script for Level: 4 in BlinkenLUA / Lua 5.0.2!
Water-Maker included!
[0;32mI (57258) drawprim: PNG: loaded /sd/blinkensisters/V0.5.4/ADDON/Icy/water1.png (32x32)[0m
[0;32mI (57268) drawprim: PNG: loaded /sd/blinkensisters/V0.5.4/ADDON/Icy/water2.png (32x32)[0m
[0;32mI (57278) drawprim: PNG: loaded /sd/blinkensisters/V0.5.4/ADDON/Icy/water3.png (32x32)[0m
[0;32mI (57288) drawprim: PNG: loaded /sd/blinkensisters/V0.5.4/ADDON/Icy/water4.png (32x32)[0m
[0;32mI (57298) drawprim: PNG: loaded /sd/blinkensisters/V0.5.4/ADDON/Icy/water5.png (32x32)[0m
[0;32mI (57318) drawprim: PNG: loaded /sd/blinkensisters/V0.5.4/ADDON/Icy/water6.png (32x32)[0m
[0;32mI (57328) drawprim: BMP: loaded /sd/blinkensisters/V0.5.4/ADDON/Icy/water_deep.bmp (32x32 24bpp)[0m
Acid-Maker included!
[0;32mI (57358) drawprim: BMP: loaded /sd/blinkensisters/V0.5.4/ADDON/Icy/acid1.bmp (32x32 32bpp)[0m
[0;32mI (57368) drawprim: BMP: loaded /sd/blinkensisters/V0.5.4/ADDON/Icy/acid2.bmp (32x32 32bpp)[0m
[0;32mI (57378) drawprim: BMP: loaded /sd/blinkensisters/V0.5.4/ADDON/Icy/acid3.bmp (32x32 32bpp)[0m
[0;32mI (57398) drawprim: BMP: loaded /sd/blinkensisters/V0.5.4/ADDON/Icy/acid4.bmp (32x32 32bpp)[0m
[0;32mI (57398) drawprim: BMP: loaded /sd/blinkensisters/V0.5.4/ADDON/Icy/acid5.bmp (32x32 32bpp)[0m
[0;32mI (57418) drawprim: BMP: loaded /sd/blinkensisters/V0.5.4/ADDON/Icy/acid6.bmp (32x32 32bpp)[0m
[0;32mI (57428) drawprim: BMP: loaded /sd/blinkensisters/V0.5.4/ADDON/Icy/acid_deep.bmp (32x32 32bpp)[0m
Freeing monster sprites...
[0;33mW (57598) selftest: [Icy] level 4/7: OK, 7 warning/error log line(s), first: W (55688) drawprim: BMP: cannot open /sd/blinkensisters/V0.5.4/ADDON/Icy/sister_movenone.bmp[0m
[0;32mI (57598) selftest: [Icy] level 4/7: free PSRAM 24948868, largest block 24117248, free internal 141767[0m
[0;32mI (57598) selftest: [Icy] level 5/7: loading[0m
[0;32mI (57608) drawprim: BMP: loaded /sd/blinkensisters/V0.5.4/ADDON/Icy/monster1_left.bmp (32x64 24bpp)[0m
[0;32mI (57618) drawprim: BMP: loaded /sd/blinkensisters/V0.5.4/ADDON/Icy/monster1_right.bmp (32x64 24bpp)[0m
[0;32mI (57628) drawprim: BMP: loaded /sd/blinkensisters/V0.5.4/ADDON/Icy/monster2_left.bmp (32x64 24bpp)[0m
[0;32mI (57628) drawprim: BMP: loaded /sd/blinkensisters/V0.5.4/ADDON/Icy/monster2_right.bmp (32x64 24bpp)[0m
[0;32mI (57638) drawprim: BMP: loaded /sd/blinkensisters/V0.5.4/ADDON/Icy/monster3_left.bmp (32x64 24bpp)[0m
[0;32mI (57648) drawprim: BMP: loaded /sd/blinkensisters/V0.5.4/ADDON/Icy/monster3_right.bmp (32x64 24bpp)[0m
[0;32mI (57658) drawprim: BMP: loaded /sd/blinkensisters/V0.5.4/ADDON/Icy/monster4_left.bmp (32x64 24bpp)[0m
[0;32mI (57668) drawprim: BMP: loaded /sd/blinkensisters/V0.5.4/ADDON/Icy/monster4_right.bmp (32x64 24bpp)[0m
[0;32mI (57678) drawprim: BMP: loaded /sd/blinkensisters/V0.5.4/ADDON/Icy/monster5_left.bmp (32x128 32bpp)[0m
[0;32mI (57698) drawprim: BMP: loaded /sd/blinkensisters/V0.5.4/ADDON/Icy/monster5_right.bmp (32x128 32bpp)[0m
[0;33mW (57738) drawprim: BMP: cannot open /sd/blinkensisters/V0.5.4/ADDON/Icy/sister_movenone.bmp[0m
Warning: Can't load FgObjGFX 'sister_movenone.bmp' - ignored!
[0;32mI (57758) drawprim: BMP: loaded /sd/blinkensisters/V0.5.4/ADDON/Icy/sister_moveleft.bmp (32x64 32bpp)[0m
[0;33mW (57778) drawprim: BMP: cannot open /sd/blinkensisters/V0.5.4/ADDON/Icy/sister_moveleftup.bmp[0m
Warning: Can't load FgObjGFX 'sister_moveleftup.bmp' - ignored!
[0;33mW (57798) drawprim: BMP: cannot open /sd/blinkensisters/V0.5.4/ADDON/Icy/sister_moveleftdown.bmp[0m
Warning: Can't load FgObjGFX 'sister_moveleftdown.bmp' - ignored!
[0;32mI (57818) drawprim: BMP: loaded /sd/blinkensisters/V0.5.4/ADDON/Icy/sister_moveright.bmp (32x64 32bpp)[0m
[0;33mW (57838) drawprim: BMP: cannot open /sd/blinkensisters/V0.5.4/ADDON/Icy/sister_moverightup.bmp[0m
Warning: Can't load FgObjGFX 'sister_moverightup.bmp' - ignored!
[0;33mW (57858) drawprim: BMP: cannot open /sd/blinkensisters/V0.5.4/ADDON/Icy/sister_moverightdown.bmp[0m
Warning: Can't load FgObjGFX 'sister_moverightdown.bmp' - ignored!
[0;33mW (57888) drawprim: BMP: cannot open /sd/blinkensisters/V0.5.4/ADDON/Icy/sister_moveup.bmp[0m
Warning: Can't load FgObjGFX 'sister_moveup.bmp' - ignored!
[0;33mW (57908) drawprim: BMP: cannot open /sd/blinkensisters/V0.5.4/ADDON/Icy/sister_movedown.bmp[0m
Warning: Can't load FgObjGFX 'sister_movedown.bmp' - ignored!
[0;32mI (58688) drawprim: JPEG: /sd/blinkensisters/V0.5.4/ADDON/Icy/level1.jpg 2528x892 (mcu 16x16, padded 2528x896), need 6795264 bytes[0m
[0;32mI (59208) drawprim: JPEG: loaded /sd/blinkensisters/V0.5.4/ADDON/Icy/level1.jpg (2528x892)[0m
[0;32mI (59258) drawprim: BMP: loaded /sd/blinkensisters/V0.5.4/ADDON/Icy/icytiles.bmp (32x288 24bpp)[0m
Init Tiles2D
Number of tile objects: 1691
Tiles2Array took 93 ticks for 1691 elements
Starting script for Level: 1 in BlinkenLUA / Lua 5.0.2!
Bomb-Maker included!
[0;32mI (59428) drawprim: BMP: loaded /sd/blinkensisters/V0.5.4/ADDON/Icy/sister_dead.bmp (32x32 24bpp)[0m
[0;32mI (59448) drawprim: BMP: loaded /sd/blinkensisters/V0.5.4/ADDON/Icy/sister_moveleft.bmp (32x64 32bpp)[0m
[0;32mI (59468) drawprim: BMP: loaded /sd/blinkensisters/V0.5.4/ADDON/Icy/sister_moveright.bmp (32x64 32bpp)[0m
[0;32mI (59478) drawprim: PNG: loaded /sd/blinkensisters/V0.5.4/ADDON/Icy/explo1.png (32x32)[0m
[0;32mI (59498) drawprim: PNG: loaded /sd/blinkensisters/V0.5.4/ADDON/Icy/explo2.png (32x32)[0m
[0;32mI (59508) drawprim: PNG: loaded /sd/blinkensisters/V0.5.4/ADDON/Icy/explo3.png (32x32)[0m
[0;32mI (59528) drawprim: PNG: loaded /sd/blinkensisters/V0.5.4/ADDON/Icy/explo4.png (32x32)[0m
[0;32mI (59538) drawprim: PNG: loaded /sd/blinkensisters/V0.5.4/ADDON/Icy/explo5.png (32x32)[0m
[0;32mI (59558) drawprim: PNG: loaded /sd/blinkensisters/V0.5.4/ADDON/Icy/explo6.png (32x32)[0m
[0;32mI (59568) drawprim: PNG: loaded /sd/blinkensisters/V0.5.4/ADDON/Icy/explo7.png (32x32)[0m
[0;32mI (59578) drawprim: PNG: loaded /sd/blinkensisters/V0.5.4/ADDON/Icy/explo8.png (32x32)[0m
[1;31mE (59588) cache: esp_cache_msync(103): invalid addr or null pointer[0m
[1;31mE (59588) sdmmc_cmd: sdmmc_read_sectors_dma: sdmmc_send_cmd returned 0x102, status 0x900[0m
[1;31mE (59588) diskio_sdmmc: sdmmc_read_blocks failed (0x102)[0m
[1;31mE (59588) drawprim: PNG: OOM reading /sd/blinkensisters/V0.5.4/ADDON/Icy/explo9.png[0m
[1;31mE (59588) bserror: FATAL ERROR 102: Can't read or understand image file | /sd/blinkensisters/V0.5.4/ADDON/Icy/explo9.png | ./main/game/fgobjects.cpp:107[0m
Freeing monster sprites...
[1;31mE (59658) selftest: [Icy] level 5/7: FAILED in load: error 102: Can't read or understand image file | /sd/blinkensisters/V0.5.4/ADDON/Icy/explo9.png | ./main/game/fgobjects.cpp:107[0m
[0;32mI (59658) selftest: [Icy] level 5/7: free PSRAM 24948868, largest block 24117248, free internal 141251[0m
[0;32mI (59658) selftest: [Icy] level 6/7: loading[0m
[0;32mI (59668) drawprim: BMP: loaded /sd/blinkensisters/V0.5.4/ADDON/Icy/monster1_left.bmp (32x64 24bpp)[0m
[0;32mI (59668) drawprim: BMP: loaded /sd/blinkensisters/V0.5.4/ADDON/Icy/monster1_right.bmp (32x64 24bpp)[0m
[0;32mI (59678) drawprim: BMP: loaded /sd/blinkensisters/V0.5.4/ADDON/Icy/monster2_left.bmp (32x64 24bpp)[0m
[0;32mI (59688) drawprim: BMP: loaded /sd/blinkensisters/V0.5.4/ADDON/Icy/monster2_right.bmp (32x64 24bpp)[0m
[0;32mI (59698) drawprim: BMP: loaded /sd/blinkensisters/V0.5.4/ADDON/Icy/monster3_left.bmp (32x64 24bpp)[0m
[0;32mI (59708) drawprim: BMP: loaded /sd/blinkensisters/V0.5.4/ADDON/Icy/monster3_right.bmp (32x64 24bpp)[0m
[0;32mI (59718) drawprim: BMP: loaded /sd/blinkensisters/V0.5.4/ADDON/Icy/monster4_left.bmp (32x64 24bpp)[0m
[0;32mI (59718) drawprim: BMP: loaded /sd/blinkensisters/V0.5.4/ADDON/Icy/monster4_right.bmp (32x64 24bpp)[0m
[0;32mI (59738) drawprim: BMP: loaded /sd/blinkensisters/V0.5.4/ADDON/Icy/monster5_left.bmp (32x128 32bpp)[0m
[0;32mI (59758) drawprim: BMP: loaded /sd/blinkensisters/V0.5.4/ADDON/Icy/monster5_right.bmp (32x128 32bpp)[0m
[0;33mW (59798) drawprim: BMP: cannot open /sd/blinkensisters/V0.5.4/ADDON/Icy/sister_movenone.bmp[0m
Warning: Can't load FgObjGFX 'sister_movenone.bmp' - ignored!
[0;32mI (59818) drawprim: BMP: loaded /sd/blinkensisters/V0.5.4/ADDON/Icy/sister_moveleft.bmp (32x64 32bpp)[0m
[0;33mW (59838) drawprim: BMP: cannot open /sd/blinkensisters/V0.5.4/ADDON/Icy/sister_moveleftup.bmp[0m
Warning: Can't load FgObjGFX 'sister_moveleftup.bmp' - ignored!
[0;33mW (59858) drawprim: BMP: cannot open /sd/blinkensisters/V0.5.4/ADDON/Icy/sister_moveleftdown.bmp[0m
Warning: Can't load FgObjGFX 'sister_moveleftdown.bmp' - ignored!
[0;32mI (59868) drawprim: BMP: loaded /sd/blinkensisters/V0.5.4/ADDON/Icy/sister_moveright.bmp (32x64 32bpp)[0m
[0;33mW (59898) drawprim: BMP: cannot open /sd/blinkensisters/V0.5.4/ADDON/Icy/sister_moverightup.bmp[0m
Warning: Can't load FgObjGFX 'sister_moverightup.bmp' - ignored!
[0;33mW (59918) drawprim: BMP: cannot open /sd/blinkensisters/V0.5.4/ADDON/Icy/sister_moverightdown.bmp[0m
Warning: Can't load FgObjGFX 'sister_moverightdown.bmp' - ignored!
[0;33mW (59938) drawprim: BMP: cannot open /sd/blinkensisters/V0.5.4/ADDON/Icy/sister_moveup.bmp[0m
Warning: Can't load FgObjGFX 'sister_moveup.bmp' - ignored!
[0;33mW (59968) drawprim: BMP: cannot open /sd/blinkensisters/V0.5.4/ADDON/Icy/sister_movedown.bmp[0m
Warning: Can't load FgObjGFX 'sister_movedown.bmp' - ignored!
[0;32mI (60758) drawprim: JPEG: /sd/blinkensisters/V0.5.4/ADDON/Icy/level1.jpg 2528x892 (mcu 16x16, padded 2528x896), need 6795264 bytes[0m
[0;32mI (61288) drawprim: JPEG: loaded /sd/blinkensisters/V0.5.4/ADDON/Icy/level1.jpg (2528x892)[0m
[0;32mI (61338) drawprim: BMP: loaded /sd/blinkensisters/V0.5.4/ADDON/Icy/icytiles.bmp (32x288 24bpp)[0m
Init Tiles2D
Number of tile objects: 2037
Tiles2Array took 113 ticks for 2037 elements
Starting script for Level: 6 in BlinkenLUA / Lua 5.0.2!
Water-Maker included!
[0;32mI (61528) drawprim: PNG: loaded /sd/blinkensisters/V0.5.4/ADDON/Icy/water1.png (32x32)[0m
[0;32mI (61538) drawprim: PNG: loaded /sd/blinkensisters/V0.5.4/ADDON/Icy/water2.png (32x32)[0m
[0;32mI (61548) drawprim: PNG: loaded /sd/blinkensisters/V0.5.4/ADDON/Icy/water3.png (32x32)[0m
[0;32mI (61558) drawprim: PNG: loaded /sd/blinkensisters/V0.5.4/ADDON/Icy/water4.png (32x32)[0m
[0;32mI (61568) drawprim: PNG: loaded /sd/blinkensisters/V0.5.4/ADDON/Icy/water5.png (32x32)[0m
[0;32mI (61588) drawprim: PNG: loaded /sd/blinkensisters/V0.5.4/ADDON/Icy/water6.png (32x32)[0m
[0;32mI (61598) drawprim: BMP: loaded /sd/blinkensisters/V0.5.4/ADDON/Icy/water_deep.bmp (32x32 24bpp)[0m
Cicero lib: bubble
Cicero lib: text maker
[0;32mI (61668) drawprim: BMP: loaded /sd/blinkensisters/V0.5.4/ADDON/Icy/A.bmp (8x8 24bpp)[0m
[0;32mI (61678) drawprim: BMP: loaded /sd/blinkensisters/V0.5.4/ADDON/Icy/B.bmp (8x8 24bpp)[0m
[0;32mI (61688) drawprim: BMP: loaded /sd/blinkensisters/V0.5.4/ADDON/Icy/C.bmp (8x8 24bpp)[0m
[0;32mI (61698) drawprim: BMP: loaded /sd/blinkensisters/V0.5.4/ADDON/Icy/D.bmp (8x8 24bpp)[0m
[0;32mI (61708) drawprim: BMP: loaded /sd/blinkensisters/V0.5.4/ADDON/Icy/E.bmp (8x8 24bpp)[0m
[0;32mI (61718) drawprim: BMP: loaded /sd/blinkensisters/V0.5.4/ADDON/Icy/F.bmp (8x8 24bpp)[0m
[0;32mI (61728) drawprim: BMP: loaded /sd/blinkensisters/V0.5.4/ADDON/Icy/G.bmp (8x8 24bpp)[0m
[0;32mI (61748) drawprim: BMP: loaded /sd/blinkensisters/V0.5.4/ADDON/Icy/H.bmp (8x8 24bpp)[0m
[0;32mI (61758) drawprim: BMP: loaded /sd/blinkensisters/V0.5.4/ADDON/Icy/I.bmp (8x8 24bpp)[0m
[0;32mI (61768) drawprim: BMP: loaded /sd/blinkensisters/V0.5.4/ADDON/Icy/J.bmp (8x8 24bpp)[0m
[0;32mI (61778) drawprim: BMP: loaded /sd/blinkensisters/V0.5.4/ADDON/Icy/K.bmp (8x8 24bpp)[0m
[0;32mI (61788) drawprim: BMP: loaded /sd/blinkensisters/V0.5.4/ADDON/Icy/L.bmp (8x8 24bpp)[0m
[0;32mI (61808) drawprim: BMP: loaded /sd/blinkensisters/V0.5.4/ADDON/Icy/M.bmp (8x8 24bpp)[0m
[0;32mI (61818) drawprim: BMP: loaded /sd/blinkensisters/V0.5.4/ADDON/Icy/N.bmp (8x8 24bpp)[0m
[0;32mI (61828) drawprim: BMP: loaded /sd/blinkensisters/V0.5.4/ADDON/Icy/O.bmp (8x8 24bpp)[0m
[0;32mI (61838) drawprim: BMP: loaded /sd/blinkensisters/V0.5.4/ADDON/Icy/P.bmp (8x8 24bpp)[0m
[0;32mI (61848) drawprim: BMP: loaded /sd/blinkensisters/V0.5.4/ADDON/Icy/Q.bmp (8x8 24bpp)[0m
[0;32mI (61858) drawprim: BMP: loaded /sd/blinkensisters/V0.5.4/ADDON/Icy/R.bmp (8x8 24bpp)[0m
[0;32mI (61878) drawprim: BMP: loaded /sd/blinkensisters/V0.5.4/ADDON/Icy/S.bmp (8x8 24bpp)[0m
[0;32mI (61888) drawprim: BMP: loaded /sd/blinkensisters/V0.5.4/ADDON/Icy/T.bmp (8x8 24bpp)[0m
[0;32mI (61898) drawprim: BMP: loaded /sd/blinkensisters/V0.5.4/ADDON/Icy/U.bmp (8x8 24bpp)[0m
[0;32mI (61908) drawprim: BMP: loaded /sd/blinkensisters/V0.5.4/ADDON/Icy/V.bmp (8x8 24bpp)[0m
[0;32mI (61918) drawprim: BMP: loaded /sd/blinkensisters/V0.5.4/ADDON/Icy/W.bmp (8x8 24bpp)[0m
[0;32mI (61928) drawprim: BMP: loaded /sd/blinkensisters/V0.5.4/ADDON/Icy/X.bmp (8x8 24bpp)[0m
[0;32mI (61938) drawprim: BMP: loaded /sd/blinkensisters/V0.5.4/ADDON/Icy/Y.bmp (8x8 24bpp)[0m
[0;32mI (61948) drawprim: BMP: loaded /sd/blinkensisters/V0.5.4/ADDON/Icy/Z.bmp (8x8 24bpp)[0m
[0;32mI (61968) drawprim: BMP: loaded /sd/blinkensisters/V0.5.4/ADDON/Icy/_a.bmp (8x8 24bpp)[0m
[0;32mI (61978) drawprim: BMP: loaded /sd/blinkensisters/V0.5.4/ADDON/Icy/_b.bmp (8x8 24bpp)[0m
[0;32mI (61988) drawprim: BMP: loaded /sd/blinkensisters/V0.5.4/ADDON/Icy/_c.bmp (8x8 24bpp)[0m
[0;32mI (61998) drawprim: BMP: loaded /sd/blinkensisters/V0.5.4/ADDON/Icy/_d.bmp (8x8 24bpp)[0m
[0;32mI (62008) drawprim: BMP: loaded /sd/blinkensisters/V0.5.4/ADDON/Icy/_e.bmp (8x8 24bpp)[0m
[0;32mI (62018) drawprim: BMP: loaded /sd/blinkensisters/V0.5.4/ADDON/Icy/_f.bmp (8x8 24bpp)[0m
[0;32mI (62028) drawprim: BMP: loaded /sd/blinkensisters/V0.5.4/ADDON/Icy/_g.bmp (8x8 24bpp)[0m
[0;32mI (62048) drawprim: BMP: loaded /sd/blinkensisters/V0.5.4/ADDON/Icy/_h.bmp (8x8 24bpp)[0m
[0;32mI (62058) drawprim: BMP: loaded /sd/blinkensisters/V0.5.4/ADDON/Icy/_i.bmp (8x8 24bpp)[0m
[0;32mI (62068) drawprim: BMP: loaded /sd/blinkensisters/V0.5.4/ADDON/Icy/_j.bmp (8x8 24bpp)[0m
[0;32mI (62078) drawprim: BMP: loaded /sd/blinkensisters/V0.5.4/ADDON/Icy/_k.bmp (8x8 24bpp)[0m
[0;32mI (62088) drawprim: BMP: loaded /sd/blinkensisters/V0.5.4/ADDON/Icy/_l.bmp (8x8 24bpp)[0m
[0;32mI (62108) drawprim: BMP: loaded /sd/blinkensisters/V0.5.4/ADDON/Icy/_m.bmp (8x8 24bpp)[0m
[0;32mI (62118) drawprim: BMP: loaded /sd/blinkensisters/V0.5.4/ADDON/Icy/_n.bmp (8x8 24bpp)[0m
[0;32mI (62128) drawprim: BMP: loaded /sd/blinkensisters/V0.5.4/ADDON/Icy/_o.bmp (8x8 24bpp)[0m
[0;32mI (62138) drawprim: BMP: loaded /sd/blinkensisters/V0.5.4/ADDON/Icy/_p.bmp (8x8 24bpp)[0m
[0;32mI (62148) drawprim: BMP: loaded /sd/blinkensisters/V0.5.4/ADDON/Icy/_q.bmp (8x8 24bpp)[0m
[0;32mI (62158) drawprim: BMP: loaded /sd/blinkensisters/V0.5.4/ADDON/Icy/_r.bmp (8x8 24bpp)[0m
[0;32mI (62178) drawprim: BMP: loaded /sd/blinkensisters/V0.5.4/ADDON/Icy/_s.bmp (8x8 24bpp)[0m
[0;32mI (62188) drawprim: BMP: loaded /sd/blinkensisters/V0.5.4/ADDON/Icy/_t.bmp (8x8 24bpp)[0m
[0;32mI (62198) drawprim: BMP: loaded /sd/blinkensisters/V0.5.4/ADDON/Icy/_u.bmp (8x8 24bpp)[0m
[0;32mI (62208) drawprim: BMP: loaded /sd/blinkensisters/V0.5.4/ADDON/Icy/_v.bmp (8x8 24bpp)[0m
[0;32mI (62228) drawprim: BMP: loaded /sd/blinkensisters/V0.5.4/ADDON/Icy/_w.bmp (8x8 24bpp)[0m
[0;32mI (62238) drawprim: BMP: loaded /sd/blinkensisters/V0.5.4/ADDON/Icy/_x.bmp (8x8 32bpp)[0m
[0;32mI (62248) drawprim: BMP: loaded /sd/blinkensisters/V0.5.4/ADDON/Icy/_y.bmp (8x8 32bpp)[0m
[0;32mI (62258) drawprim: BMP: loaded /sd/blinkensisters/V0.5.4/ADDON/Icy/_z.bmp (8x8 32bpp)[0m
[0;32mI (62278) drawprim: BMP: loaded /sd/blinkensisters/V0.5.4/ADDON/Icy/space.bmp (8x8 24bpp)[0m
[0;32mI (62288) drawprim: BMP: loaded /sd/blinkensisters/V0.5.4/ADDON/Icy/dot.bmp (8x8 24bpp)[0m
[0;32mI (62298) drawprim: BMP: loaded /sd/blinkensisters/V0.5.4/ADDON/Icy/komma.bmp (8x8 24bpp)[0m
[0;32mI (62308) drawprim: BMP: loaded /sd/blinkensisters/V0.5.4/ADDON/Icy/qest.bmp (8x8 24bpp)[0m
[0;32mI (62328) drawprim: BMP: loaded /sd/blinkensisters/V0.5.4/ADDON/Icy/exclam.bmp (8x8 24bpp)[0m
[0;32mI (62338) drawprim: BMP: loaded /sd/blinkensisters/V0.5.4/ADDON/Icy/at.bmp (8x8 24bpp)[0m
[0;32mI (62348) drawprim: BMP: loaded /sd/blinkensisters/V0.5.4/ADDON/Icy/u_border.bmp (8x8 24bpp)[0m
[0;32mI (62368) drawprim: BMP: loaded /sd/blinkensisters/V0.5.4/ADDON/Icy/d_border.bmp (8x8 24bpp)[0m
[0;32mI (62378) drawprim: BMP: loaded /sd/blinkensisters/V0.5.4/ADDON/Icy/r_border.bmp (8x8 24bpp)[0m
[0;32mI (62388) drawprim: BMP: loaded /sd/blinkensisters/V0.5.4/ADDON/Icy/l_border.bmp (8x8 24bpp)[0m
[0;32mI (62408) drawprim: BMP: loaded /sd/blinkensisters/V0.5.4/ADDON/Icy/ru_corner.bmp (8x8 24bpp)[0m
[0;32mI (62418) drawprim: BMP: loaded /sd/blinkensisters/V0.5.4/ADDON/Icy/lu_corner.bmp (8x8 24bpp)[0m
[0;32mI (62438) drawprim: BMP: loaded /sd/blinkensisters/V0.5.4/ADDON/Icy/rd_corner.bmp (8x8 24bpp)[0m
[0;32mI (62448) drawprim: BMP: loaded /sd/blinkensisters/V0.5.4/ADDON/Icy/ld_corner.bmp (8x8 24bpp)[0m
[0;32mI (62458) drawprim: BMP: loaded /sd/blinkensisters/V0.5.4/ADDON/Icy/l_tip.bmp (8x16 24bpp)[0m
[0;32mI (62478) drawprim: BMP: loaded /sd/blinkensisters/V0.5.4/ADDON/Icy/r_tip.bmp (8x16 24bpp)[0m
[0;33mW (62538) pal_audio: Cannot open FX file: fx_open_door.mp3[0m
[0;32mI (62558) drawprim: BMP: loaded /sd/blinkensisters/V0.5.4/ADDON/Icy/elevator.bmp (128x32 24bpp)[0m
[0;32mI (62578) drawprim: BMP: loaded /sd/blinkensisters/V0.5.4/ADDON/Icy/tile_3.bmp (32x32 24bpp)[0m
[0;32mI (62698) drawprim: BMP: loaded /sd/blinkensisters/V0.5.4/ADDON/Icy/switch_off.bmp (32x32 24bpp)[0m
[0;32mI (62718) drawprim: BMP: loaded /sd/blinkensisters/V0.5.4/ADDON/Icy/switch_on.bmp (32x32 24bpp)[0m
Freeing monster sprites...
[0;33mW (62948) selftest: [Icy] level 6/7: OK, 8 warning/error log line(s), first: W (59798) drawprim: BMP: cannot open /sd/blinkensisters/V0.5.4/ADDON/Icy/sister_movenone.bmp[0m
[0;32mI (62948) selftest: [Icy] level 6/7: free PSRAM 24948868, largest block 24117248, free internal 141767[0m
[0;32mI (62948) selftest: [Icy] level 7/7: loading[0m
[0;32mI (62958) drawprim: BMP: loaded /sd/blinkensisters/V0.5.4/ADDON/Icy/monster1_left.bmp (32x64 24bpp)[0m
[0;32mI (62968) drawprim: BMP: loaded /sd/blinkensisters/V0.5.4/ADDON/Icy/monster1_right.bmp (32x64 24bpp)[0m
[0;32mI (62978) drawprim: BMP: loaded /sd/blinkensisters/V0.5.4/ADDON/Icy/monster2_left.bmp (32x64 24bpp)[0m
[0;32mI (62988) drawprim: BMP: loaded /sd/blinkensisters/V0.5.4/ADDON/Icy/monster2_right.bmp (32x64 24bpp)[0m
[0;32mI (62988) drawprim: BMP: loaded /sd/blinkensisters/V0.5.4/ADDON/Icy/monster3_left.bmp (32x64 24bpp)[0m
[0;32mI (62998) drawprim: BMP: loaded /sd/blinkensisters/V0.5.4/ADDON/Icy/monster3_right.bmp (32x64 24bpp)[0m
[0;32mI (63008) drawprim: BMP: loaded /sd/blinkensisters/V0.5.4/ADDON/Icy/monster4_left.bmp (32x64 24bpp)[0m
[0;32mI (63018) drawprim: BMP: loaded /sd/blinkensisters/V0.5.4/ADDON/Icy/monster4_right.bmp (32x64 24bpp)[0m
[0;32mI (63028) drawprim: BMP: loaded /sd/blinkensisters/V0.5.4/ADDON/Icy/monster5_left.bmp (32x128 32bpp)[0m
[0;32mI (63048) drawprim: BMP: loaded /sd/blinkensisters/V0.5.4/ADDON/Icy/monster5_right.bmp (32x128 32bpp)[0m
[0;33mW (63098) drawprim: BMP: cannot open /sd/blinkensisters/V0.5.4/ADDON/Icy/sister_movenone.bmp[0m
Warning: Can't load FgObjGFX 'sister_movenone.bmp' - ignored!
[0;32mI (63108) drawprim: BMP: loaded /sd/blinkensisters/V0.5.4/ADDON/Icy/sister_moveleft.bmp (32x64 32bpp)[0m
[0;33mW (63128) drawprim: BMP: cannot open /sd/blinkensisters/V0.5.4/ADDON/Icy/sister_moveleftup.bmp[0m
Warning: Can't load FgObjGFX 'sister_moveleftup.bmp' - ignored!
[0;33mW (63158) drawprim: BMP: cannot open /sd/blinkensisters/V0.5.4/ADDON/Icy/sister_moveleftdown.bmp[0m
Warning: Can't load FgObjGFX 'sister_moveleftdown.bmp' - ignored!
[0;32mI (63168) drawprim: BMP: loaded /sd/blinkensisters/V0.5.4/ADDON/Icy/sister_moveright.bmp (32x64 32bpp)[0m
[0;33mW (63188) drawprim: BMP: cannot open /sd/blinkensisters/V0.5.4/ADDON/Icy/sister_moverightup.bmp[0m
Warning: Can't load FgObjGFX 'sister_moverightup.bmp' - ignored!
[0;33mW (63208) drawprim: BMP: cannot open /sd/blinkensisters/V0.5.4/ADDON/Icy/sister_moverightdown.bmp[0m
Warning: Can't load FgObjGFX 'sister_moverightdown.bmp' - ignored!
[0;33mW (63238) drawprim: BMP: cannot open /sd/blinkensisters/V0.5.4/ADDON/Icy/sister_moveup.bmp[0m
Warning: Can't load FgObjGFX 'sister_moveup.bmp' - ignored!
[0;33mW (63258) drawprim: BMP: cannot open /sd/blinkensisters/V0.5.4/ADDON/Icy/sister_movedown.bmp[0m
Warning: Can't load FgObjGFX 'sister_movedown.bmp' - ignored!
[0;32mI (64198) drawprim: JPEG: /sd/blinkensisters/V0.5.4/ADDON/Icy/level1.jpg 2528x892 (mcu 16x16, padded 2528x896), need 6795264 bytes[0m
[0;32mI (64728) drawprim: JPEG: loaded /sd/blinkensisters/V0.5.4/ADDON/Icy/level1.jpg (2528x892)[0m
[0;32mI (64758) drawprim: BMP: loaded /sd/blinkensisters/V0.5.4/ADDON/Icy/icytiles.bmp (32x288 24bpp)[0m
Init Tiles2D
Number of tile objects: 5270
Tiles2Array took 355 ticks for 5270 elements
Starting script for Level: 7 in BlinkenLUA / Lua 5.0.2!
Water-Maker included!
[0;32mI (65198) drawprim: PNG: loaded /sd/blinkensisters/V0.5.4/ADDON/Icy/water1.png (32x32)[0m
[0;32mI (65218) drawprim: PNG: loaded /sd/blinkensisters/V0.5.4/ADDON/Icy/water2.png (32x32)[0m
[0;32mI (65228) drawprim: PNG: loaded /sd/blinkensisters/V0.5.4/ADDON/Icy/water3.png (32x32)[0m
[0;32mI (65238) drawprim: PNG: loaded /sd/blinkensisters/V0.5.4/ADDON/Icy/water4.png (32x32)[0m
[0;32mI (65248) drawprim: PNG: loaded /sd/blinkensisters/V0.5.4/ADDON/Icy/water5.png (32x32)[0m
[0;32mI (65258) drawprim: PNG: loaded /sd/blinkensisters/V0.5.4/ADDON/Icy/water6.png (32x32)[0m
[0;32mI (65268) drawprim: BMP: loaded /sd/blinkensisters/V0.5.4/ADDON/Icy/water_deep.bmp (32x32 24bpp)[0m
Cicero lib: bubble
Cicero lib: text maker
[0;32mI (65338) drawprim: BMP: loaded /sd/blinkensisters/V0.5.4/ADDON/Icy/A.bmp (8x8 24bpp)[0m
[0;32mI (65348) drawprim: BMP: loaded /sd/blinkensisters/V0.5.4/ADDON/Icy/B.bmp (8x8 24bpp)[0m
[0;32mI (65358) drawprim: BMP: loaded /sd/blinkensisters/V0.5.4/ADDON/Icy/C.bmp (8x8 24bpp)[0m
[0;32mI (65368) drawprim: BMP: loaded /sd/blinkensisters/V0.5.4/ADDON/Icy/D.bmp (8x8 24bpp)[0m
[0;32mI (65378) drawprim: BMP: loaded /sd/blinkensisters/V0.5.4/ADDON/Icy/E.bmp (8x8 24bpp)[0m
[0;32mI (65388) drawprim: BMP: loaded /sd/blinkensisters/V0.5.4/ADDON/Icy/F.bmp (8x8 24bpp)[0m
[0;32mI (65398) drawprim: BMP: loaded /sd/blinkensisters/V0.5.4/ADDON/Icy/G.bmp (8x8 24bpp)[0m
[0;32mI (65408) drawprim: BMP: loaded /sd/blinkensisters/V0.5.4/ADDON/Icy/H.bmp (8x8 24bpp)[0m
[0;32mI (65418) drawprim: BMP: loaded /sd/blinkensisters/V0.5.4/ADDON/Icy/I.bmp (8x8 24bpp)[0m
[0;32mI (65428) drawprim: BMP: loaded /sd/blinkensisters/V0.5.4/ADDON/Icy/J.bmp (8x8 24bpp)[0m
[0;32mI (65438) drawprim: BMP: loaded /sd/blinkensisters/V0.5.4/ADDON/Icy/K.bmp (8x8 24bpp)[0m
[0;32mI (65448) drawprim: BMP: loaded /sd/blinkensisters/V0.5.4/ADDON/Icy/L.bmp (8x8 24bpp)[0m
[0;32mI (65458) drawprim: BMP: loaded /sd/blinkensisters/V0.5.4/ADDON/Icy/M.bmp (8x8 24bpp)[0m
[0;32mI (65468) drawprim: BMP: loaded /sd/blinkensisters/V0.5.4/ADDON/Icy/N.bmp (8x8 24bpp)[0m
[0;32mI (65478) drawprim: BMP: loaded /sd/blinkensisters/V0.5.4/ADDON/Icy/O.bmp (8x8 24bpp)[0m
[0;32mI (65488) drawprim: BMP: loaded /sd/blinkensisters/V0.5.4/ADDON/Icy/P.bmp (8x8 24bpp)[0m
[0;32mI (65508) drawprim: BMP: loaded /sd/blinkensisters/V0.5.4/ADDON/Icy/Q.bmp (8x8 24bpp)[0m
[0;32mI (65518) drawprim: BMP: loaded /sd/blinkensisters/V0.5.4/ADDON/Icy/R.bmp (8x8 24bpp)[0m
[0;32mI (65528) drawprim: BMP: loaded /sd/blinkensisters/V0.5.4/ADDON/Icy/S.bmp (8x8 24bpp)[0m
[0;32mI (65538) drawprim: BMP: loaded /sd/blinkensisters/V0.5.4/ADDON/Icy/T.bmp (8x8 24bpp)[0m
[0;32mI (65548) drawprim: BMP: loaded /sd/blinkensisters/V0.5.4/ADDON/Icy/U.bmp (8x8 24bpp)[0m
[0;32mI (65558) drawprim: BMP: loaded /sd/blinkensisters/V0.5.4/ADDON/Icy/V.bmp (8x8 24bpp)[0m
[0;32mI (65568) drawprim: BMP: loaded /sd/blinkensisters/V0.5.4/ADDON/Icy/W.bmp (8x8 24bpp)[0m
[0;32mI (65578) drawprim: BMP: loaded /sd/blinkensisters/V0.5.4/ADDON/Icy/X.bmp (8x8 24bpp)[0m
[0;32mI (65598) drawprim: BMP: loaded /sd/blinkensisters/V0.5.4/ADDON/Icy/Y.bmp (8x8 24bpp)[0m
[0;32mI (65608) drawprim: BMP: loaded /sd/blinkensisters/V0.5.4/ADDON/Icy/Z.bmp (8x8 24bpp)[0m
[0;32mI (65618) drawprim: BMP: loaded /sd/blinkensisters/V0.5.4/ADDON/Icy/_a.bmp (8x8 24bpp)[0m
[0;32mI (65628) drawprim: BMP: loaded /sd/blinkensisters/V0.5.4/ADDON/Icy/_b.bmp (8x8 24bpp)[0m
[0;32mI (65638) drawprim: BMP: loaded /sd/blinkensisters/V0.5.4/ADDON/Icy/_c.bmp (8x8 24bpp)[0m
[0;32mI (65648) drawprim: BMP: loaded /sd/blinkensisters/V0.5.4/ADDON/Icy/_d.bmp (8x8 24bpp)[0m
[0;32mI (65658) drawprim: BMP: loaded /sd/blinkensisters/V0.5.4/ADDON/Icy/_e.bmp (8x8 24bpp)[0m
[0;32mI (65668) drawprim: BMP: loaded /sd/blinkensisters/V0.5.4/ADDON/Icy/_f.bmp (8x8 24bpp)[0m
[0;32mI (65688) drawprim: BMP: loaded /sd/blinkensisters/V0.5.4/ADDON/Icy/_g.bmp (8x8 24bpp)[0m
[0;32mI (65698) drawprim: BMP: loaded /sd/blinkensisters/V0.5.4/ADDON/Icy/_h.bmp (8x8 24bpp)[0m
[0;32mI (65718) drawprim: BMP: loaded /sd/blinkensisters/V0.5.4/ADDON/Icy/_i.bmp (8x8 24bpp)[0m
[0;32mI (65728) drawprim: BMP: loaded /sd/blinkensisters/V0.5.4/ADDON/Icy/_j.bmp (8x8 24bpp)[0m
[0;32mI (65738) drawprim: BMP: loaded /sd/blinkensisters/V0.5.4/ADDON/Icy/_k.bmp (8x8 24bpp)[0m
[0;32mI (65748) drawprim: BMP: loaded /sd/blinkensisters/V0.5.4/ADDON/Icy/_l.bmp (8x8 24bpp)[0m
[0;32mI (65758) drawprim: BMP: loaded /sd/blinkensisters/V0.5.4/ADDON/Icy/_m.bmp (8x8 24bpp)[0m
[0;32mI (65768) drawprim: BMP: loaded /sd/blinkensisters/V0.5.4/ADDON/Icy/_n.bmp (8x8 24bpp)[0m
[0;32mI (65788) drawprim: BMP: loaded /sd/blinkensisters/V0.5.4/ADDON/Icy/_o.bmp (8x8 24bpp)[0m
[0;32mI (65798) drawprim: BMP: loaded /sd/blinkensisters/V0.5.4/ADDON/Icy/_p.bmp (8x8 24bpp)[0m
[0;32mI (65808) drawprim: BMP: loaded /sd/blinkensisters/V0.5.4/ADDON/Icy/_q.bmp (8x8 24bpp)[0m
[0;32mI (65818) drawprim: BMP: loaded /sd/blinkensisters/V0.5.4/ADDON/Icy/_r.bmp (8x8 24bpp)[0m
[0;32mI (65828) drawprim: BMP: loaded /sd/blinkensisters/V0.5.4/ADDON/Icy/_s.bmp (8x8 24bpp)[0m
[0;32mI (65848) drawprim: BMP: loaded /sd/blinkensisters/V0.5.4/ADDON/Icy/_t.bmp (8x8 24bpp)[0m
[0;32mI (65858) drawprim: BMP: loaded /sd/blinkensisters/V0.5.4/ADDON/Icy/_u.bmp (8x8 24bpp)[0m
[0;32mI (65868) drawprim: BMP: loaded /sd/blinkensisters/V0.5.4/ADDON/Icy/_v.bmp (8x8 24bpp)[0m
[0;32mI (65878) drawprim: BMP: loaded /sd/blinkensisters/V0.5.4/ADDON/Icy/_w.bmp (8x8 24bpp)[0m
[0;32mI (65898) drawprim: BMP: loaded /sd/blinkensisters/V0.5.4/ADDON/Icy/_x.bmp (8x8 32bpp)[0m
[0;32mI (65908) drawprim: BMP: loaded /sd/blinkensisters/V0.5.4/ADDON/Icy/_y.bmp (8x8 32bpp)[0m
[0;32mI (65918) drawprim: BMP: loaded /sd/blinkensisters/V0.5.4/ADDON/Icy/_z.bmp (8x8 32bpp)[0m
[0;32mI (65928) drawprim: BMP: loaded /sd/blinkensisters/V0.5.4/ADDON/Icy/space.bmp (8x8 24bpp)[0m
[0;32mI (65948) drawprim: BMP: loaded /sd/blinkensisters/V0.5.4/ADDON/Icy/dot.bmp (8x8 24bpp)[0m
[0;32mI (65958) drawprim: BMP: loaded /sd/blinkensisters/V0.5.4/ADDON/Icy/komma.bmp (8x8 24bpp)[0m
[0;32mI (65968) drawprim: BMP: loaded /sd/blinkensisters/V0.5.4/ADDON/Icy/qest.bmp (8x8 24bpp)[0m
[0;32mI (65988) drawprim: BMP: loaded /sd/blinkensisters/V0.5.4/ADDON/Icy/exclam.bmp (8x8 24bpp)[0m
[0;32mI (65998) drawprim: BMP: loaded /sd/blinkensisters/V0.5.4/ADDON/Icy/at.bmp (8x8 24bpp)[0m
[0;32mI (66008) drawprim: BMP: loaded /sd/blinkensisters/V0.5.4/ADDON/Icy/u_border.bmp (8x8 24bpp)[0m
[0;32mI (66018) drawprim: BMP: loaded /sd/blinkensisters/V0.5.4/ADDON/Icy/d_border.bmp (8x8 24bpp)[0m
[0;32mI (66038) drawprim: BMP: loaded /sd/blinkensisters/V0.5.4/ADDON/Icy/r_border.bmp (8x8 24bpp)[0m
[0;32mI (66048) drawprim: BMP: loaded /sd/blinkensisters/V0.5.4/ADDON/Icy/l_border.bmp (8x8 24bpp)[0m
[0;32mI (66058) drawprim: BMP: loaded /sd/blinkensisters/V0.5.4/ADDON/Icy/ru_corner.bmp (8x8 24bpp)[0m
[0;32mI (66078) drawprim: BMP: loaded /sd/blinkensisters/V0.5.4/ADDON/Icy/lu_corner.bmp (8x8 24bpp)[0m
[0;32mI (66088) drawprim: BMP: loaded /sd/blinkensisters/V0.5.4/ADDON/Icy/rd_corner.bmp (8x8 24bpp)[0m
[0;32mI (66098) drawprim: BMP: loaded /sd/blinkensisters/V0.5.4/ADDON/Icy/ld_corner.bmp (8x8 24bpp)[0m
[0;32mI (66108) drawprim: BMP: loaded /sd/blinkensisters/V0.5.4/ADDON/Icy/l_tip.bmp (8x16 24bpp)[0m
[0;32mI (66128) drawprim: BMP: loaded /sd/blinkensisters/V0.5.4/ADDON/Icy/r_tip.bmp (8x16 24bpp)[0m
[0;32mI (66618) drawprim: BMP: loaded /sd/blinkensisters/V0.5.4/ADDON/Icy/tramp_1.bmp (64x64 24bpp)[0m
[0;32mI (66648) drawprim: BMP: loaded /sd/blinkensisters/V0.5.4/ADDON/Icy/tramp_2.bmp (64x64 24bpp)[0m
[0;32mI (66668) drawprim: BMP: loaded /sd/blinkensisters/V0.5.4/ADDON/Icy/tramp_3.bmp (64x64 24bpp)[0m
[0;32mI (66688) drawprim: BMP: loaded /sd/blinkensisters/V0.5.4/ADDON/Icy/switch_off.bmp (32x32 24bpp)[0m
[0;32mI (66698) drawprim: BMP: loaded /sd/blinkensisters/V0.5.4/ADDON/Icy/switch_on.bmp (32x32 24bpp)[0m
[0;32mI (66718) drawprim: BMP: loaded /sd/blinkensisters/V0.5.4/ADDON/Icy/tile_3.bmp (32x32 24bpp)[0m
[0;32mI (66738) drawprim: BMP: loaded /sd/blinkensisters/V0.5.4/ADDON/Icy/tile_2.bmp (32x32 24bpp)[0m
[0;32mI (66778) drawprim: BMP: loaded /sd/blinkensisters/V0.5.4/ADDON/Icy/elevator.bmp (128x32 24bpp)[0m
[0;32mI (66798) drawprim: BMP: loaded /sd/blinkensisters/V0.5.4/ADDON/Icy/door_closed.bmp (64x64 24bpp)[0m
[0;32mI (66828) drawprim: BMP: loaded /sd/blinkensisters/V0.5.4/ADDON/Icy/door_open.bmp (64x64 24bpp)[0m
[0;33mW (66848) drawprim: IMG_Load: unknown extension '.gif' for /sd/blinkensisters/V0.5.4/ADDON/Icy/wormhole64x64_0001.gif[0m
[1;31mE (66848) bserror: FATAL ERROR 102: Can't read or understand image file | /sd/blinkensisters/V0.5.4/ADDON/Icy/wormhole64x64_0001.gif | ./main/game/fgobjects.cpp:107[0m
Freeing monster sprites...
[1;31mE (67098) selftest: [Icy] level 7/7: FAILED in load: error 102: Can't read or understand image file | /sd/blinkensisters/V0.5.4/ADDON/Icy/wormhole64x64_0001.gif | ./main/game/fgobjects.cpp:107[0m
[0;32mI (67098) selftest: [Icy] level 7/7: free PSRAM 24948868, largest block 24117248, free internal 141767[0m
addon: 
[0;32mI (67138) drawprim: JPEG: /sd/blinkensisters/V0.5.4/loading.jpg 640x480 (mcu 8x8, padded 640x480), need 921600 bytes[0m
[0;32mI (67218) drawprim: JPEG: loaded /sd/blinkensisters/V0.5.4/loading.jpg (640x480)[0m
[0;32mI (67558) drawprim: Fullscreen: stretched /sd/blinkensisters/V0.5.4/loading.jpg from 640x480 to 800x480[0m
addon: MZ_Escape
[0;32mI (67628) drawprim: JPEG: /sd/blinkensisters/V0.5.4/ADDON/MZ_Escape/loading.jpg 640x480 (mcu 16x16, padded 640x480), need 921600 bytes[0m
[0;32mI (67708) drawprim: JPEG: loaded /sd/blinkensisters/V0.5.4/ADDON/MZ_Escape/loading.jpg (640x480)[0m
[0;32mI (68038) drawprim: Fullscreen: stretched /sd/blinkensisters/V0.5.4/ADDON/MZ_Escape/loading.jpg from 640x480 to 800x480[0m
[0;32mI (68108) selftest: [MZ_Escape] "MZ Escape": 1 level(s)[0m
[0;32mI (68108) selftest: [MZ_Escape] level 1/1: loading[0m
[0;32mI (68108) drawprim: BMP: loaded /sd/blinkensisters/V0.5.4/ADDON/MZ_Escape/monster1_left.bmp (32x64 24bpp)[0m
[0;32mI (68118) drawprim: BMP: loaded /sd/blinkensisters/V0.5.4/ADDON/MZ_Escape/monster1_right.bmp (32x64 24bpp)[0m
[0;32mI (68128) drawprim: BMP: loaded /sd/blinkensisters/V0.5.4/ADDON/MZ_Escape/monster2_left.bmp (32x64 24bpp)[0m
[0;32mI (68138) drawprim: BMP: loaded /sd/blinkensisters/V0.5.4/ADDON/MZ_Escape/monster2_right.bmp (32x64 24bpp)[0m
[0;32mI (68148) drawprim: BMP: loaded /sd/blinkensisters/V0.5.4/ADDON/MZ_Escape/monster3_left.bmp (32x64 24bpp)[0m
[0;32mI (68158) drawprim: BMP: loaded /sd/blinkensisters/V0.5.4/ADDON/MZ_Escape/monster3_right.bmp (32x64 24bpp)[0m
[0;32mI (68158) drawprim: BMP: loaded /sd/blinkensisters/V0.5.4/ADDON/MZ_Escape/monster4_left.bmp (32x64 24bpp)[0m
[0;32mI (68168) drawprim: BMP: loaded /sd/blinkensisters/V0.5.4/ADDON/MZ_Escape/monster4_right.bmp (32x64 24bpp)[0m
[0;32mI (68178) drawprim: BMP: loaded /sd/blinkensisters/V0.5.4/ADDON/MZ_Escape/monster5_left.bmp (32x64 24bpp)[0m
[0;32mI (68188) drawprim: BMP: loaded /sd/blinkensisters/V0.5.4/ADDON/MZ_Escape/monster5_right.bmp (32x64 24bpp)[0m
[0;33mW (68208) drawprim: BMP: cannot open /sd/blinkensisters/V0.5.4/ADDON/MZ_Escape/sister_movenone.bmp[0m
Warning: Can't load FgObjGFX 'sister_movenone.bmp' - ignored!
[0;32mI (68228) drawprim: BMP: loaded /sd/blinkensisters/V0.5.4/ADDON/MZ_Escape/sister_moveleft.bmp (32x64 24bpp)[0m
[0;33mW (68238) drawprim: BMP: cannot open /sd/blinkensisters/V0.5.4/ADDON/MZ_Escape/sister_moveleftup.bmp[0m
Warning: Can't load FgObjGFX 'sister_moveleftup.bmp' - ignored!
[0;33mW (68248) drawprim: BMP: cannot open /sd/blinkensisters/V0.5.4/ADDON/MZ_Escape/sister_moveleftdown.bmp[0m
Warning: Can't load FgObjGFX 'sister_moveleftdown.bmp' - ignored!
[0;32mI (68258) drawprim: BMP: loaded /sd/blinkensisters/V0.5.4/ADDON/MZ_Escape/sister_moveright.bmp (32x64 24bpp)[0m
[0;33mW (68268) drawprim: BMP: cannot open /sd/blinkensisters/V0.5.4/ADDON/MZ_Escape/sister_moverightup.bmp[0m
Warning: Can't load FgObjGFX 'sister_moverightup.bmp' - ignored!
[0;33mW (68278) drawprim: BMP: cannot open /sd/blinkensisters/V0.5.4/ADDON/MZ_Escape/sister_moverightdown.bmp[0m
Warning: Can't load FgObjGFX 'sister_moverightdown.bmp' - ignored!
[0;33mW (68298) drawprim: BMP: cannot open /sd/blinkensisters/V0.5.4/ADDON/MZ_Escape/sister_moveup.bmp[0m
Warning: Can't load FgObjGFX 'sister_moveup.bmp' - ignored!
[0;33mW (68308) drawprim: BMP: cannot open /sd/blinkensisters/V0.5.4/ADDON/MZ_Escape/sister_movedown.bmp[0m
Warning: Can't load FgObjGFX 'sister_movedown.bmp' - ignored!
[0;32mI (68458) drawprim: JPEG: /sd/blinkensisters/V0.5.4/ADDON/MZ_Escape/level1.jpg 2560x736 (mcu 16x16, padded 2560x736), need 5652480 bytes[0m
[0;32mI (68898) drawprim: JPEG: loaded /sd/blinkensisters/V0.5.4/ADDON/MZ_Escape/level1.jpg (2560x736)[0m
[0;32mI (68908) drawprim: BMP: loaded /sd/blinkensisters/V0.5.4/ADDON/MZ_Escape/bathtiles.bmp (32x288 8bpp)[0m
Init Tiles2D
Number of tile objects: 245
Starting script for Level0 in BlinkenLUA / Lua 5.0.2!
Freeing monster sprites...
[0;33mW (68988) selftest: [MZ_Escape] level 1/1: OK, 7 warning/error log line(s), first: W (68208) drawprim: BMP: cannot open /sd/blinkensisters/V0.5.4/ADDON/MZ_Escape/sister_movenone.bmp[0m
[0;32mI (68988) selftest: [MZ_Escape] level 1/1: free PSRAM 24948868, largest block 24117248, free internal 141779[0m
addon: 
[0;32mI (69038) drawprim: JPEG: /sd/blinkensisters/V0.5.4/loading.jpg 640x480 (mcu 8x8, padded 640x480), need 921600 bytes[0m
[0;32mI (69108) drawprim: JPEG: loaded /sd/blinkensisters/V0.5.4/loading.jpg (640x480)[0m
[0;32mI (69448) drawprim: Fullscreen: stretched /sd/blinkensisters/V0.5.4/loading.jpg from 640x480 to 800x480[0m
addon: MZ_Pnog
[0;32mI (69518) drawprim: JPEG: /sd/blinkensisters/V0.5.4/ADDON/MZ_Pnog/loading.jpg 640x480 (mcu 16x16, padded 640x480), need 921600 bytes[0m
[0;32mI (69588) drawprim: JPEG: loaded /sd/blinkensisters/V0.5.4/ADDON/MZ_Pnog/loading.jpg (640x480)[0m
[0;32mI (69928) drawprim: Fullscreen: stretched /sd/blinkensisters/V0.5.4/ADDON/MZ_Pnog/loading.jpg from 640x480 to 800x480[0m
[0;32mI (69988) selftest: [MZ_Pnog] "MZ Pnog": 1 level(s)[0m
[0;32mI (69988) selftest: [MZ_Pnog] level 1/1: loading[0m
[0;32mI (69998) drawprim: BMP: loaded /sd/blinkensisters/V0.5.4/ADDON/MZ_Pnog/monster1_left.bmp (32x64 24bpp)[0m
[0;32mI (70008) drawprim: BMP: loaded /sd/blinkensisters/V0.5.4/ADDON/MZ_Pnog/monster1_right.bmp (32x64 24bpp)[0m
[0;32mI (70018) drawprim: BMP: loaded /sd/blinkensisters/V0.5.4/ADDON/MZ_Pnog/monster2_left.bmp (32x64 24bpp)[0m
[0;32mI (70018) drawprim: BMP: loaded /sd/blinkensisters/V0.5.4/ADDON/MZ_Pnog/monster2_right.bmp (32x64 24bpp)[0m
[0;32mI (70028) drawprim: BMP: loaded /sd/blinkensisters/V0.5.4/ADDON/MZ_Pnog/monster3_left.bmp (32x64 24bpp)[0m
[0;32mI (70038) drawprim: BMP: loaded /sd/blinkensisters/V0.5.4/ADDON/MZ_Pnog/monster3_right.bmp (32x64 24bpp)[0m
[0;32mI (70048) drawprim: BMP: loaded /sd/blinkensisters/V0.5.4/ADDON/MZ_Pnog/monster4_left.bmp (32x64 24bpp)[0m
[0;32mI (70058) drawprim: BMP: loaded /sd/blinkensisters/V0.5.4/ADDON/MZ_Pnog/monster4_right.bmp (32x64 24bpp)[0m
[0;32mI (70068) drawprim: BMP: loaded /sd/blinkensisters/V0.5.4/ADDON/MZ_Pnog/monster5_left.bmp (32x128 24bpp)[0m
[0;32mI (70078) drawprim: BMP: loaded /sd/blinkensisters/V0.5.4/ADDON/MZ_Pnog/monster5_right.bmp (32x128 24bpp)[0m
[0;33mW (70108) drawprim: BMP: cannot open /sd/blinkensisters/V0.5.4/ADDON/MZ_Pnog/sister_movenone.bmp[0m
Warning: Can't load FgObjGFX 'sister_movenone.bmp' - ignored!
[0;32mI (70118) drawprim: BMP: loaded /sd/blinkensisters/V0.5.4/ADDON/MZ_Pnog/sister_moveleft.bmp (32x64 24bpp)[0m
[0;33mW (70128) drawprim: BMP: cannot open /sd/blinkensisters/V0.5.4/ADDON/MZ_Pnog/sister_moveleftup.bmp[0m
Warning: Can't load FgObjGFX 'sister_moveleftup.bmp' - ignored!
[0;33mW (70148) drawprim: BMP: cannot open /sd/blinkensisters/V0.5.4/ADDON/MZ_Pnog/sister_moveleftdown.bmp[0m
Warning: Can't load FgObjGFX 'sister_moveleftdown.bmp' - ignored!
[0;32mI (70158) drawprim: BMP: loaded /sd/blinkensisters/V0.5.4/ADDON/MZ_Pnog/sister_moveright.bmp (32x64 24bpp)[0m
[0;33mW (70168) drawprim: BMP: cannot open /sd/blinkensisters/V0.5.4/ADDON/MZ_Pnog/sister_moverightup.bmp[0m
Warning: Can't load FgObjGFX 'sister_moverightup.bmp' - ignored!
[0;33mW (70178) drawprim: BMP: cannot open /sd/blinkensisters/V0.5.4/ADDON/MZ_Pnog/sister_moverightdown.bmp[0m
Warning: Can't load FgObjGFX 'sister_moverightdown.bmp' - ignored!
[0;33mW (70198) drawprim: BMP: cannot open /sd/blinkensisters/V0.5.4/ADDON/MZ_Pnog/sister_moveup.bmp[0m
Warning: Can't load FgObjGFX 'sister_moveup.bmp' - ignored!
[0;33mW (70208) drawprim: BMP: cannot open /sd/blinkensisters/V0.5.4/ADDON/MZ_Pnog/sister_movedown.bmp[0m
Warning: Can't load FgObjGFX 'sister_movedown.bmp' - ignored!
[0;32mI (70268) drawprim: JPEG: /sd/blinkensisters/V0.5.4/ADDON/MZ_Pnog/level1.jpg 640x480 (mcu 16x16, padded 640x480), need 921600 bytes[0m
[0;32mI (70338) drawprim: JPEG: loaded /sd/blinkensisters/V0.5.4/ADDON/MZ_Pnog/level1.jpg (640x480)[0m
[0;32mI (70348) drawprim: BMP: loaded /sd/blinkensisters/V0.5.4/ADDON/MZ_Pnog/pnogtiles.bmp (32x64 24bpp)[0m
Init Tiles2D
Number of tile objects: 17
Starting script for Level1 in BlinkenLUA / Lua 5.0.2!
[0;32mI (70388) drawprim: BMP: loaded /sd/blinkensisters/V0.5.4/ADDON/MZ_Pnog/hitter.bmp (32x96 24bpp)[0m
[0;32mI (70398) drawprim: BMP: loaded /sd/blinkensisters/V0.5.4/ADDON/MZ_Pnog/ball.bmp (32x32 24bpp)[0m
[0;32mI (70408) drawprim: BMP: loaded /sd/blinkensisters/V0.5.4/ADDON/MZ_Pnog/computer1.bmp (32x32 24bpp)[0m
[0;33mW (70408) pal_audio: Cannot open FX file: killed.mp3[0m
[0;33mW (70408) pal_audio: Cannot open FX file: wall.mp3[0m
[0;33mW (70408) pal_audio: Cannot open FX file: hitter.mp3[0m
Freeing monster sprites...
[0;33mW (70478) selftest: [MZ_Pnog] level 1/1: OK, 10 warning/error log line(s), first: W (70108) drawprim: BMP: cannot open /sd/blinkensisters/V0.5.4/ADDON/MZ_Pnog/sister_movenone.bmp[0m
[0;32mI (70478) selftest: [MZ_Pnog] level 1/1: free PSRAM 24948868, largest block 24117248, free internal 141779[0m
addon: 
[0;32mI (70528) drawprim: JPEG: /sd/blinkensisters/V0.5.4/loading.jpg 640x480 (mcu 8x8, padded 640x480), need 921600 bytes[0m
[0;32mI (70598) drawprim: JPEG: loaded /sd/blinkensisters/V0.5.4/loading.jpg (640x480)[0m
[0;32mI (70938) drawprim: Fullscreen: stretched /sd/blinkensisters/V0.5.4/loading.jpg from 640x480 to 800x480[0m
addon: S23_IvoryTower
[0;32mI (71028) drawprim: JPEG: /sd/blinkensisters/V0.5.4/ADDON/S23_IvoryTower/loading.jpg 640x480 (mcu 8x8, padded 640x480), need 921600 bytes[0m
[0;32mI (71108) drawprim: JPEG: loaded /sd/blinkensisters/V0.5.4/ADDON/S23_IvoryTower/loading.jpg (640x480)[0m
[0;32mI (71438) drawprim: Fullscreen: stretched /sd/blinkensisters/V0.5.4/ADDON/S23_IvoryTower/loading.jpg from 640x480 to 800x480[0m
[0;32mI (71558) selftest: [S23_IvoryTower] "Ivory Tower": 4 level(s)[0m
[0;32mI (71558) selftest: [S23_IvoryTower] level 1/4: loading[0m
[0;32mI (71568) drawprim: BMP: loaded /sd/blinkensisters/V0.5.4/ADDON/S23_IvoryTower/monster1_left.bmp (32x64 24bpp)[0m
[0;32mI (71578) drawprim: BMP: loaded /sd/blinkensisters/V0.5.4/ADDON/S23_IvoryTower/monster1_right.bmp (32x64 24bpp)[0m
[0;32mI (71588) drawprim: BMP: loaded /sd/blinkensisters/V0.5.4/ADDON/S23_IvoryTower/monster2_left.bmp (32x160 8bpp)[0m
[0;32mI (71598) drawprim: BMP: loaded /sd/blinkensisters/V0.5.4/ADDON/S23_IvoryTower/monster2_right.bmp (32x160 8bpp)[0m
[0;32mI (71608) drawprim: BMP: loaded /sd/blinkensisters/V0.5.4/ADDON/S23_IvoryTower/monster3_left.bmp (32x128 24bpp)[0m
[0;32mI (71628) drawprim: BMP: loaded /sd/blinkensisters/V0.5.4/ADDON/S23_IvoryTower/monster3_right.bmp (32x128 24bpp)[0m
[0;32mI (71638) drawprim: BMP: loaded /sd/blinkensisters/V0.5.4/ADDON/S23_IvoryTower/monster4_left.bmp (32x64 24bpp)[0m
[0;32mI (71638) drawprim: BMP: loaded /sd/blinkensisters/V0.5.4/ADDON/S23_IvoryTower/monster4_right.bmp (32x64 24bpp)[0m
[0;32mI (71648) drawprim: BMP: loaded /sd/blinkensisters/V0.5.4/ADDON/S23_IvoryTower/monster5_left.bmp (32x160 8bpp)[0m
[0;32mI (71658) drawprim: BMP: loaded /sd/blinkensisters/V0.5.4/ADDON/S23_IvoryTower/monster5_right.bmp (32x160 8bpp)[0m
[0;33mW (71698) drawprim: BMP: cannot open /sd/blinkensisters/V0.5.4/ADDON/S23_IvoryTower/sister_movenone.bmp[0m
Warning: Can't load FgObjGFX 'sister_movenone.bmp' - ignored!
[0;32mI (71718) drawprim: BMP: loaded /sd/blinkensisters/V0.5.4/ADDON/S23_IvoryTower/sister_moveleft.bmp (32x64 24bpp)[0m
[0;33mW (71728) drawprim: BMP: cannot open /sd/blinkensisters/V0.5.4/ADDON/S23_IvoryTower/sister_moveleftup.bmp[0m
Warning: Can't load FgObjGFX 'sister_moveleftup.bmp' - ignored!
[0;33mW (71748) drawprim: BMP: cannot open /sd/blinkensisters/V0.5.4/ADDON/S23_IvoryTower/sister_moveleftdown.bmp[0m
Warning: Can't load FgObjGFX 'sister_moveleftdown.bmp' - ignored!
[0;32mI (71768) drawprim: BMP: loaded /sd/blinkensisters/V0.5.4/ADDON/S23_IvoryTower/sister_moveright.bmp (32x64 24bpp)[0m
[0;33mW (71788) drawprim: BMP: cannot open /sd/blinkensisters/V0.5.4/ADDON/S23_IvoryTower/sister_moverightup.bmp[0m
Warning: Can't load FgObjGFX 'sister_moverightup.bmp' - ignored!
[0;33mW (71808) drawprim: BMP: cannot open /sd/blinkensisters/V0.5.4/ADDON/S23_IvoryTower/sister_moverightdown.bmp[0m
Warning: Can't load FgObjGFX 'sister_moverightdown.bmp' - ignored!
[0;33mW (71828) drawprim: BMP: cannot open /sd/blinkensisters/V0.5.4/ADDON/S23_IvoryTower/sister_moveup.bmp[0m
Warning: Can't load FgObjGFX 'sister_moveup.bmp' - ignored!
[0;33mW (71848) drawprim: BMP: cannot open /sd/blinkensisters/V0.5.4/ADDON/S23_IvoryTower/sister_movedown.bmp[0m
Warning: Can't load FgObjGFX 'sister_movedown.bmp' - ignored!
[0;32mI (71988) drawprim: JPEG: /sd/blinkensisters/V0.5.4/ADDON/S23_IvoryTower/Buddhabrot-deep.jpg 768x768 (mcu 16x16, padded 768x768), need 1769472 bytes[0m
[0;32mI (72128) drawprim: JPEG: loaded /sd/blinkensisters/V0.5.4/ADDON/S23_IvoryTower/Buddhabrot-deep.jpg (768x768)[0m
[0;32mI (72158) drawprim: BMP: loaded /sd/blinkensisters/V0.5.4/ADDON/S23_IvoryTower/electrotiles.bmp (32x288 24bpp)[0m
Init Tiles2D
Number of tile objects: 293
Freeing monster sprites...
[0;33mW (72248) selftest: [S23_IvoryTower] level 1/4: OK, 7 warning/error log line(s), first: W (71698) drawprim: BMP: cannot open /sd/blinkensisters/V0.5.4/ADDON/S23_IvoryTower/sister_movenone.bmp[0m
[0;32mI (72248) selftest: [S23_IvoryTower] level 1/4: free PSRAM 24948868, largest block 24117248, free internal 141767[0m
[0;32mI (72248) selftest: [S23_IvoryTower] level 2/4: loading[0m
[0;32mI (72258) drawprim: BMP: loaded /sd/blinkensisters/V0.5.4/ADDON/S23_IvoryTower/monster1_left.bmp (32x64 24bpp)[0m
[0;32mI (72268) drawprim: BMP: loaded /sd/blinkensisters/V0.5.4/ADDON/S23_IvoryTower/monster1_right.bmp (32x64 24bpp)[0m
[0;32mI (72278) drawprim: BMP: loaded /sd/blinkensisters/V0.5.4/ADDON/S23_IvoryTower/monster2_left.bmp (32x160 8bpp)[0m
[0;32mI (72288) drawprim: BMP: loaded /sd/blinkensisters/V0.5.4/ADDON/S23_IvoryTower/monster2_right.bmp (32x160 8bpp)[0m
[0;32mI (72298) drawprim: BMP: loaded /sd/blinkensisters/V0.5.4/ADDON/S23_IvoryTower/monster3_left.bmp (32x128 24bpp)[0m
[0;32mI (72318) drawprim: BMP: loaded /sd/blinkensisters/V0.5.4/ADDON/S23_IvoryTower/monster3_right.bmp (32x128 24bpp)[0m
[0;32mI (72328) drawprim: BMP: loaded /sd/blinkensisters/V0.5.4/ADDON/S23_IvoryTower/monster4_left.bmp (32x64 24bpp)[0m
[0;32mI (72338) drawprim: BMP: loaded /sd/blinkensisters/V0.5.4/ADDON/S23_IvoryTower/monster4_right.bmp (32x64 24bpp)[0m
[0;32mI (72338) drawprim: BMP: loaded /sd/blinkensisters/V0.5.4/ADDON/S23_IvoryTower/monster5_left.bmp (32x160 8bpp)[0m
[0;32mI (72348) drawprim: BMP: loaded /sd/blinkensisters/V0.5.4/ADDON/S23_IvoryTower/monster5_right.bmp (32x160 8bpp)[0m
[0;33mW (72388) drawprim: BMP: cannot open /sd/blinkensisters/V0.5.4/ADDON/S23_IvoryTower/sister_movenone.bmp[0m
Warning: Can't load FgObjGFX 'sister_movenone.bmp' - ignored!
[0;32mI (72408) drawprim: BMP: loaded /sd/blinkensisters/V0.5.4/ADDON/S23_IvoryTower/sister_moveleft.bmp (32x64 24bpp)[0m
[0;33mW (72428) drawprim: BMP: cannot open /sd/blinkensisters/V0.5.4/ADDON/S23_IvoryTower/sister_moveleftup.bmp[0m
Warning: Can't load FgObjGFX 'sister_moveleftup.bmp' - ignored!
[0;33mW (72448) drawprim: BMP: cannot open /sd/blinkensisters/V0.5.4/ADDON/S23_IvoryTower/sister_moveleftdown.bmp[0m
Warning: Can't load FgObjGFX 'sister_moveleftdown.bmp' - ignored!
[0;32mI (72458) drawprim: BMP: loaded /sd/blinkensisters/V0.5.4/ADDON/S23_IvoryTower/sister_moveright.bmp (32x64 24bpp)[0m
[0;33mW (72478) drawprim: BMP: cannot open /sd/blinkensisters/V0.5.4/ADDON/S23_IvoryTower/sister_moverightup.bmp[0m
Warning: Can't load FgObjGFX 'sister_moverightup.bmp' - ignored!
[0;33mW (72498) drawprim: BMP: cannot open /sd/blinkensisters/V0.5.4/ADDON/S23_IvoryTower/sister_moverightdown.bmp[0m
Warning: Can't load FgObjGFX 'sister_moverightdown.bmp' - ignored!
[0;33mW (72518) drawprim: BMP: cannot open /sd/blinkensisters/V0.5.4/ADDON/S23_IvoryTower/sister_moveup.bmp[0m
Warning: Can't load FgObjGFX 'sister_moveup.bmp' - ignored!
[0;33mW (72538) drawprim: BMP: cannot open /sd/blinkensisters/V0.5.4/ADDON/S23_IvoryTower/sister_movedown.bmp[0m
Warning: Can't load FgObjGFX 'sister_movedown.bmp' - ignored!
[0;32mI (72888) drawprim: JPEG: /sd/blinkensisters/V0.5.4/ADDON/S23_IvoryTower/cloudforest-mod.jpg 1200x1510 (mcu 16x16, padded 1200x1520), need 5472000 bytes[0m
[0;32mI (73318) drawprim: JPEG: loaded /sd/blinkensisters/V0.5.4/ADDON/S23_IvoryTower/cloudforest-mod.jpg (1200x1510)[0m
[0;32mI (73348) drawprim: BMP: loaded /sd/blinkensisters/V0.5.4/ADDON/S23_IvoryTower/jungletiles.bmp (32x288 24bpp)[0m
Init Tiles2D
Number of tile objects: 325
Tiles2Array took 16 ticks for 325 elements
Starting oo-script for Level 2 of S23-IvoryTower in BlinkenLUA / Lua 5.0.2!
Firetile-Maker included!
[0;32mI (73458) drawprim: PNG: loaded /sd/blinkensisters/V0.5.4/ADDON/S23_IvoryTower/firetile1.png (32x32)[0m
[0;32mI (73508) drawprim: PNG: loaded /sd/blinkensisters/V0.5.4/ADDON/S23_IvoryTower/firetile2.png (32x32)[0m
[0;32mI (73558) drawprim: PNG: loaded /sd/blinkensisters/V0.5.4/ADDON/S23_IvoryTower/firetile3.png (32x32)[0m
[0;32mI (73618) drawprim: PNG: loaded /sd/blinkensisters/V0.5.4/ADDON/S23_IvoryTower/firetile4.png (32x32)[0m
[0;32mI (73668) drawprim: PNG: loaded /sd/blinkensisters/V0.5.4/ADDON/S23_IvoryTower/firetile5.png (32x32)[0m
[0;32mI (73718) drawprim: PNG: loaded /sd/blinkensisters/V0.5.4/ADDON/S23_IvoryTower/firetile6.png (32x32)[0m
[0;32mI (73788) drawprim: BMP: loaded /sd/blinkensisters/V0.5.4/ADDON/S23_IvoryTower/wall_tile.bmp (32x32 24bpp)[0m
TropfLava-Maker included!
Shortname: tropflava0000.png
[0;32mI (73818) drawprim: PNG: loaded /sd/blinkensisters/V0.5.4/ADDON/S23_IvoryTower/tropflava0000.png (32x96)[0m
Shortname: tropflava0001.png
[0;32mI (73828) drawprim: PNG: loaded /sd/blinkensisters/V0.5.4/ADDON/S23_IvoryTower/tropflava0001.png (32x96)[0m
Shortname: tropflava0002.png
[0;32mI (73848) drawprim: PNG: loaded /sd/blinkensisters/V0.5.4/ADDON/S23_IvoryTower/tropflava0002.png (32x96)[0m
Shortname: tropflava0003.png
[0;32mI (73868) drawprim: PNG: loaded /sd/blinkensisters/V0.5.4/ADDON/S23_IvoryTower/tropflava0003.png (32x96)[0m
Shortname: tropflava0004.png
[0;32mI (73878) drawprim: PNG: loaded /sd/blinkensisters/V0.5.4/ADDON/S23_IvoryTower/tropflava0004.png (32x96)[0m
Shortname: tropflava0005.png
[0;32mI (73898) drawprim: PNG: loaded /sd/blinkensisters/V0.5.4/ADDON/S23_IvoryTower/tropflava0005.png (32x96)[0m
Shortname: tropflava0006.png
[0;32mI (73908) drawprim: PNG: loaded /sd/blinkensisters/V0.5.4/ADDON/S23_IvoryTower/tropflava0006.png (32x96)[0m
Shortname: tropflava0007.png
[0;32mI (73928) drawprim: PNG: loaded /sd/blinkensisters/V0.5.4/ADDON/S23_IvoryTower/tropflava0007.png (32x96)[0m
Shortname: tropflava0008.png
[0;32mI (73948) drawprim: PNG: loaded /sd/blinkensisters/V0.5.4/ADDON/S23_IvoryTower/tropflava0008.png (32x96)[0m
Shortname: tropflava0009.png
[0;32mI (73958) drawprim: PNG: loaded /sd/blinkensisters/V0.5.4/ADDON/S23_IvoryTower/tropflava0009.png (32x96)[0m
Shortname: tropflava0010.png
[0;32mI (73978) drawprim: PNG: loaded /sd/blinkensisters/V0.5.4/ADDON/S23_IvoryTower/tropflava0010.png (32x96)[0m
Shortname: tropflava0011.png
[0;32mI (73998) drawprim: PNG: loaded /sd/blinkensisters/V0.5.4/ADDON/S23_IvoryTower/tropflava0011.png (32x96)[0m
Shortname: tropflava0012.png
[0;32mI (74008) drawprim: PNG: loaded /sd/blinkensisters/V0.5.4/ADDON/S23_IvoryTower/tropflava0012.png (32x96)[0m
Shortname: tropflava0013.png
[0;32mI (74028) drawprim: PNG: loaded /sd/blinkensisters/V0.5.4/ADDON/S23_IvoryTower/tropflava0013.png (32x96)[0m
Shortname: tropflava0014.png
[0;32mI (74048) drawprim: PNG: loaded /sd/blinkensisters/V0.5.4/ADDON/S23_IvoryTower/tropflava0014.png (32x96)[0m
Shortname: tropflava0015.png
[0;32mI (74058) drawprim: PNG: loaded /sd/blinkensisters/V0.5.4/ADDON/S23_IvoryTower/tropflava0015.png (32x96)[0m
Shortname: tropflava0016.png
[0;32mI (74078) drawprim: PNG: loaded /sd/blinkensisters/V0.5.4/ADDON/S23_IvoryTower/tropflava0016.png (32x96)[0m
Shortname: tropflava0017.png
[0;32mI (74098) drawprim: PNG: loaded /sd/blinkensisters/V0.5.4/ADDON/S23_IvoryTower/tropflava0017.png (32x96)[0m
Shortname: tropflava0018.png
[0;32mI (74118) drawprim: PNG: loaded /sd/blinkensisters/V0.5.4/ADDON/S23_IvoryTower/tropflava0018.png (32x96)[0m
Shortname: tropflava0019.png
[0;32mI (74128) drawprim: PNG: loaded /sd/blinkensisters/V0.5.4/ADDON/S23_IvoryTower/tropflava0019.png (32x96)[0m
Shortname: tropflava0020.png
[0;32mI (74148) drawprim: PNG: loaded /sd/blinkensisters/V0.5.4/ADDON/S23_IvoryTower/tropflava0020.png (32x96)[0m
Shortname: tropflava0021.png
[0;32mI (74168) drawprim: PNG: loaded /sd/blinkensisters/V0.5.4/ADDON/S23_IvoryTower/tropflava0021.png (32x96)[0m
Shortname: tropflava0022.png
[0;32mI (74188) drawprim: PNG: loaded /sd/blinkensisters/V0.5.4/ADDON/S23_IvoryTower/tropflava0022.png (32x96)[0m
Shortname: tropflava0023.png
[0;32mI (74208) drawprim: PNG: loaded /sd/blinkensisters/V0.5.4/ADDON/S23_IvoryTower/tropflava0023.png (32x96)[0m
Shortname: tropflava0024.png
[0;32mI (74218) drawprim: PNG: loaded /sd/blinkensisters/V0.5.4/ADDON/S23_IvoryTower/tropflava0024.png (32x96)[0m
Shortname: tropflava0025.png
[0;32mI (74238) drawprim: PNG: loaded /sd/blinkensisters/V0.5.4/ADDON/S23_IvoryTower/tropflava0025.png (32x96)[0m
Shortname: tropflava0026.png
[0;32mI (74258) drawprim: PNG: loaded /sd/blinkensisters/V0.5.4/ADDON/S23_IvoryTower/tropflava0026.png (32x96)[0m
Shortname: tropflava0027.png
[0;32mI (74278) drawprim: PNG: loaded /sd/blinkensisters/V0.5.4/ADDON/S23_IvoryTower/tropflava0027.png (32x96)[0m
Shortname: tropflava0028.png
[0;32mI (74298) drawprim: PNG: loaded /sd/blinkensisters/V0.5.4/ADDON/S23_IvoryTower/tropflava0028.png (32x96)[0m
Shortname: tropflava0029.png
[0;32mI (74308) drawprim: PNG: loaded /sd/blinkensisters/V0.5.4/ADDON/S23_IvoryTower/tropflava0029.png (32x96)[0m
Freeing monster sprites...
[0;33mW (74488) selftest: [S23_IvoryTower] level 2/4: OK, 7 warning/error log line(s), first: W (72388) drawprim: BMP: cannot open /sd/blinkensisters/V0.5.4/ADDON/S23_IvoryTower/sister_movenone.bmp[0m
[0;32mI (74488) selftest: [S23_IvoryTower] level 2/4: free PSRAM 24948868, largest block 24117248, free internal 141767[0m
[0;32mI (74488) selftest: [S23_IvoryTower] level 3/4: loading[0m
[0;32mI (74498) drawprim: BMP: loaded /sd/blinkensisters/V0.5.4/ADDON/S23_IvoryTower/monster1_left.bmp (32x64 24bpp)[0m
[0;32mI (74508) drawprim: BMP: loaded /sd/blinkensisters/V0.5.4/ADDON/S23_IvoryTower/monster1_right.bmp (32x64 24bpp)[0m
[0;32mI (74518) drawprim: BMP: loaded /sd/blinkensisters/V0.5.4/ADDON/S23_IvoryTower/monster2_left.bmp (32x160 8bpp)[0m
[0;32mI (74528) drawprim: BMP: loaded /sd/blinkensisters/V0.5.4/ADDON/S23_IvoryTower/monster2_right.bmp (32x160 8bpp)[0m
[0;32mI (74538) drawprim: BMP: loaded /sd/blinkensisters/V0.5.4/ADDON/S23_IvoryTower/monster3_left.bmp (32x128 24bpp)[0m
[0;32mI (74558) drawprim: BMP: loaded /sd/blinkensisters/V0.5.4/ADDON/S23_IvoryTower/monster3_right.bmp (32x128 24bpp)[0m
[0;32mI (74558) drawprim: BMP: loaded /sd/blinkensisters/V0.5.4/ADDON/S23_IvoryTower/monster4_left.bmp (32x64 24bpp)[0m
[0;32mI (74568) drawprim: BMP: loaded /sd/blinkensisters/V0.5.4/ADDON/S23_IvoryTower/monster4_right.bmp (32x64 24bpp)[0m
[0;32mI (74578) drawprim: BMP: loaded /sd/blinkensisters/V0.5.4/ADDON/S23_IvoryTower/monster5_left.bmp (32x160 8bpp)[0m
[0;32mI (74588) drawprim: BMP: loaded /sd/blinkensisters/V0.5.4/ADDON/S23_IvoryTower/monster5_right.bmp (32x160 8bpp)[0m
[0;33mW (74628) drawprim: BMP: cannot open /sd/blinkensisters/V0.5.4/ADDON/S23_IvoryTower/sister_movenone.bmp[0m
Warning: Can't load FgObjGFX 'sister_movenone.bmp' - ignored!
[0;32mI (74648) drawprim: BMP: loaded /sd/blinkensisters/V0.5.4/ADDON/S23_IvoryTower/sister_moveleft.bmp (32x64 24bpp)[0m
[0;33mW (74668) drawprim: BMP: cannot open /sd/blinkensisters/V0.5.4/ADDON/S23_IvoryTower/sister_moveleftup.bmp[0m
Warning: Can't load FgObjGFX 'sister_moveleftup.bmp' - ignored!
[0;33mW (74678) drawprim: BMP: cannot open /sd/blinkensisters/V0.5.4/ADDON/S23_IvoryTower/sister_moveleftdown.bmp[0m
Warning: Can't load FgObjGFX 'sister_moveleftdown.bmp' - ignored!
[0;32mI (74698) drawprim: BMP: loaded /sd/blinkensisters/V0.5.4/ADDON/S23_IvoryTower/sister_moveright.bmp (32x64 24bpp)[0m
[0;33mW (74718) drawprim: BMP: cannot open /sd/blinkensisters/V0.5.4/ADDON/S23_IvoryTower/sister_moverightup.bmp[0m
Warning: Can't load FgObjGFX 'sister_moverightup.bmp' - ignored!
[0;33mW (74738) drawprim: BMP: cannot open /sd/blinkensisters/V0.5.4/ADDON/S23_IvoryTower/sister_moverightdown.bmp[0m
Warning: Can't load FgObjGFX 'sister_moverightdown.bmp' - ignored!
[0;33mW (74758) drawprim: BMP: cannot open /sd/blinkensisters/V0.5.4/ADDON/S23_IvoryTower/sister_moveup.bmp[0m
Warning: Can't load FgObjGFX 'sister_moveup.bmp' - ignored!
[0;33mW (74778) drawprim: BMP: cannot open /sd/blinkensisters/V0.5.4/ADDON/S23_IvoryTower/sister_movedown.bmp[0m
Warning: Can't load FgObjGFX 'sister_movedown.bmp' - ignored!
[0;32mI (75028) drawprim: JPEG: /sd/blinkensisters/V0.5.4/ADDON/S23_IvoryTower/Buddhabrot-deep-quadrat.jpg 768x768 (mcu 16x16, padded 768x768), need 1769472 bytes[0m
[0;32mI (75158) drawprim: JPEG: loaded /sd/blinkensisters/V0.5.4/ADDON/S23_IvoryTower/Buddhabrot-deep-quadrat.jpg (768x768)[0m
[0;32mI (75188) drawprim: BMP: loaded /sd/blinkensisters/V0.5.4/ADDON/S23_IvoryTower/jungletiles.bmp (32x288 24bpp)[0m
Init Tiles2D
Number of tile objects: 333
Tiles2Array took 16 ticks for 333 elements
Starting oo-script for Level 3 of S23-IvoryTower in BlinkenLUA / Lua 5.0.2!
Firetile-Maker included!
[0;32mI (75298) drawprim: PNG: loaded /sd/blinkensisters/V0.5.4/ADDON/S23_IvoryTower/firetile1.png (32x32)[0m
[0;32mI (75358) drawprim: PNG: loaded /sd/blinkensisters/V0.5.4/ADDON/S23_IvoryTower/firetile2.png (32x32)[0m
[0;32mI (75408) drawprim: PNG: loaded /sd/blinkensisters/V0.5.4/ADDON/S23_IvoryTower/firetile3.png (32x32)[0m
[0;32mI (75458) drawprim: PNG: loaded /sd/blinkensisters/V0.5.4/ADDON/S23_IvoryTower/firetile4.png (32x32)[0m
[0;32mI (75508) drawprim: PNG: loaded /sd/blinkensisters/V0.5.4/ADDON/S23_IvoryTower/firetile5.png (32x32)[0m
[0;32mI (75568) drawprim: PNG: loaded /sd/blinkensisters/V0.5.4/ADDON/S23_IvoryTower/firetile6.png (32x32)[0m
TropfLava-Maker included!
Shortname: tropflava0000.png
[0;32mI (75618) drawprim: PNG: loaded /sd/blinkensisters/V0.5.4/ADDON/S23_IvoryTower/tropflava0000.png (32x96)[0m
Shortname: tropflava0001.png
[0;32mI (75628) drawprim: PNG: loaded /sd/blinkensisters/V0.5.4/ADDON/S23_IvoryTower/tropflava0001.png (32x96)[0m
Shortname: tropflava0002.png
[0;32mI (75648) drawprim: PNG: loaded /sd/blinkensisters/V0.5.4/ADDON/S23_IvoryTower/tropflava0002.png (32x96)[0m
Shortname: tropflava0003.png
[0;32mI (75668) drawprim: PNG: loaded /sd/blinkensisters/V0.5.4/ADDON/S23_IvoryTower/tropflava0003.png (32x96)[0m
Shortname: tropflava0004.png
[0;32mI (75678) drawprim: PNG: loaded /sd/blinkensisters/V0.5.4/ADDON/S23_IvoryTower/tropflava0004.png (32x96)[0m
Shortname: tropflava0005.png
[0;32mI (75698) drawprim: PNG: loaded /sd/blinkensisters/V0.5.4/ADDON/S23_IvoryTower/tropflava0005.png (32x96)[0m
Shortname: tropflava0006.png
[0;32mI (75708) drawprim: PNG: loaded /sd/blinkensisters/V0.5.4/ADDON/S23_IvoryTower/tropflava0006.png (32x96)[0m
Shortname: tropflava0007.png
[0;32mI (75728) drawprim: PNG: loaded /sd/blinkensisters/V0.5.4/ADDON/S23_IvoryTower/tropflava0007.png (32x96)[0m
Shortname: tropflava0008.png
[0;32mI (75738) drawprim: PNG: loaded /sd/blinkensisters/V0.5.4/ADDON/S23_IvoryTower/tropflava0008.png (32x96)[0m
Shortname: tropflava0009.png
[0;32mI (75758) drawprim: PNG: loaded /sd/blinkensisters/V0.5.4/ADDON/S23_IvoryTower/tropflava0009.png (32x96)[0m
Shortname: tropflava0010.png
[0;32mI (75778) drawprim: PNG: loaded /sd/blinkensisters/V0.5.4/ADDON/S23_IvoryTower/tropflava0010.png (32x96)[0m
Shortname: tropflava0011.png
[0;32mI (75788) drawprim: PNG: loaded /sd/blinkensisters/V0.5.4/ADDON/S23_IvoryTower/tropflava0011.png (32x96)[0m
Shortname: tropflava0012.png
[0;32mI (75808) drawprim: PNG: loaded /sd/blinkensisters/V0.5.4/ADDON/S23_IvoryTower/tropflava0012.png (32x96)[0m
Shortname: tropflava0013.png
[0;32mI (75828) drawprim: PNG: loaded /sd/blinkensisters/V0.5.4/ADDON/S23_IvoryTower/tropflava0013.png (32x96)[0m
Shortname: tropflava0014.png
[0;32mI (75848) drawprim: PNG: loaded /sd/blinkensisters/V0.5.4/ADDON/S23_IvoryTower/tropflava0014.png (32x96)[0m
Shortname: tropflava0015.png
[0;32mI (75858) drawprim: PNG: loaded /sd/blinkensisters/V0.5.4/ADDON/S23_IvoryTower/tropflava0015.png (32x96)[0m
Shortname: tropflava0016.png
[0;32mI (75878) drawprim: PNG: loaded /sd/blinkensisters/V0.5.4/ADDON/S23_IvoryTower/tropflava0016.png (32x96)[0m
Shortname: tropflava0017.png
[0;32mI (75898) drawprim: PNG: loaded /sd/blinkensisters/V0.5.4/ADDON/S23_IvoryTower/tropflava0017.png (32x96)[0m
Shortname: tropflava0018.png
[0;32mI (75918) drawprim: PNG: loaded /sd/blinkensisters/V0.5.4/ADDON/S23_IvoryTower/tropflava0018.png (32x96)[0m
Shortname: tropflava0019.png
[0;32mI (75928) drawprim: PNG: loaded /sd/blinkensisters/V0.5.4/ADDON/S23_IvoryTower/tropflava0019.png (32x96)[0m
Shortname: tropflava0020.png
[0;32mI (75948) drawprim: PNG: loaded /sd/blinkensisters/V0.5.4/ADDON/S23_IvoryTower/tropflava0020.png (32x96)[0m
Shortname: tropflava0021.png
[0;32mI (75968) drawprim: PNG: loaded /sd/blinkensisters/V0.5.4/ADDON/S23_IvoryTower/tropflava0021.png (32x96)[0m
Shortname: tropflava0022.png
[0;32mI (75988) drawprim: PNG: loaded /sd/blinkensisters/V0.5.4/ADDON/S23_IvoryTower/tropflava0022.png (32x96)[0m
Shortname: tropflava0023.png
[0;32mI (75998) drawprim: PNG: loaded /sd/blinkensisters/V0.5.4/ADDON/S23_IvoryTower/tropflava0023.png (32x96)[0m
Shortname: tropflava0024.png
[0;32mI (76018) drawprim: PNG: loaded /sd/blinkensisters/V0.5.4/ADDON/S23_IvoryTower/tropflava0024.png (32x96)[0m
Shortname: tropflava0025.png
[0;32mI (76038) drawprim: PNG: loaded /sd/blinkensisters/V0.5.4/ADDON/S23_IvoryTower/tropflava0025.png (32x96)[0m
Shortname: tropflava0026.png
[0;32mI (76058) drawprim: PNG: loaded /sd/blinkensisters/V0.5.4/ADDON/S23_IvoryTower/tropflava0026.png (32x96)[0m
Shortname: tropflava0027.png
[0;32mI (76068) drawprim: PNG: loaded /sd/blinkensisters/V0.5.4/ADDON/S23_IvoryTower/tropflava0027.png (32x96)[0m
Shortname: tropflava0028.png
[0;32mI (76088) drawprim: PNG: loaded /sd/blinkensisters/V0.5.4/ADDON/S23_IvoryTower/tropflava0028.png (32x96)[0m
Shortname: tropflava0029.png
[0;32mI (76108) drawprim: PNG: loaded /sd/blinkensisters/V0.5.4/ADDON/S23_IvoryTower/tropflava0029.png (32x96)[0m
Freeing monster sprites...
[0;33mW (76238) selftest: [S23_IvoryTower] level 3/4: OK, 7 warning/error log line(s), first: W (74628) drawprim: BMP: cannot open /sd/blinkensisters/V0.5.4/ADDON/S23_IvoryTower/sister_movenone.bmp[0m
[0;32mI (76238) selftest: [S23_IvoryTower] level 3/4: free PSRAM 24948868, largest block 24117248, free internal 141767[0m
[0;32mI (76238) selftest: [S23_IvoryTower] level 4/4: loading[0m
[0;32mI (76248) drawprim: BMP: loaded /sd/blinkensisters/V0.5.4/ADDON/S23_IvoryTower/monster1_left.bmp (32x64 24bpp)[0m
[0;32mI (76258) drawprim: BMP: loaded /sd/blinkensisters/V0.5.4/ADDON/S23_IvoryTower/monster1_right.bmp (32x64 24bpp)[0m
[0;32mI (76268) drawprim: BMP: loaded /sd/blinkensisters/V0.5.4/ADDON/S23_IvoryTower/monster2_left.bmp (32x160 8bpp)[0m
[0;32mI (76278) drawprim: BMP: loaded /sd/blinkensisters/V0.5.4/ADDON/S23_IvoryTower/monster2_right.bmp (32x160 8bpp)[0m
[0;32mI (76288) drawprim: BMP: loaded /sd/blinkensisters/V0.5.4/ADDON/S23_IvoryTower/monster3_left.bmp (32x128 24bpp)[0m
[0;32mI (76298) drawprim: BMP: loaded /sd/blinkensisters/V0.5.4/ADDON/S23_IvoryTower/monster3_right.bmp (32x128 24bpp)[0m
[0;32mI (76308) drawprim: BMP: loaded /sd/blinkensisters/V0.5.4/ADDON/S23_IvoryTower/monster4_left.bmp (32x64 24bpp)[0m
[0;32mI (76318) drawprim: BMP: loaded /sd/blinkensisters/V0.5.4/ADDON/S23_IvoryTower/monster4_right.bmp (32x64 24bpp)[0m
[0;32mI (76328) drawprim: BMP: loaded /sd/blinkensisters/V0.5.4/ADDON/S23_IvoryTower/monster5_left.bmp (32x160 8bpp)[0m
[0;32mI (76338) drawprim: BMP: loaded /sd/blinkensisters/V0.5.4/ADDON/S23_IvoryTower/monster5_right.bmp (32x160 8bpp)[0m
[0;33mW (76378) drawprim: BMP: cannot open /sd/blinkensisters/V0.5.4/ADDON/S23_IvoryTower/sister_movenone.bmp[0m
Warning: Can't load FgObjGFX 'sister_movenone.bmp' - ignored!
[0;32mI (76388) drawprim: BMP: loaded /sd/blinkensisters/V0.5.4/ADDON/S23_IvoryTower/sister_moveleft.bmp (32x64 24bpp)[0m
[0;33mW (76408) drawprim: BMP: cannot open /sd/blinkensisters/V0.5.4/ADDON/S23_IvoryTower/sister_moveleftup.bmp[0m
Warning: Can't load FgObjGFX 'sister_moveleftup.bmp' - ignored!
[0;33mW (76428) drawprim: BMP: cannot open /sd/blinkensisters/V0.5.4/ADDON/S23_IvoryTower/sister_moveleftdown.bmp[0m
Warning: Can't load FgObjGFX 'sister_moveleftdown.bmp' - ignored!
[0;32mI (76448) drawprim: BMP: loaded /sd/blinkensisters/V0.5.4/ADDON/S23_IvoryTower/sister_moveright.bmp (32x64 24bpp)[0m
[0;33mW (76468) drawprim: BMP: cannot open /sd/blinkensisters/V0.5.4/ADDON/S23_IvoryTower/sister_moverightup.bmp[0m
Warning: Can't load FgObjGFX 'sister_moverightup.bmp' - ignored!
[0;33mW (76488) drawprim: BMP: cannot open /sd/blinkensisters/V0.5.4/ADDON/S23_IvoryTower/sister_moverightdown.bmp[0m
Warning: Can't load FgObjGFX 'sister_moverightdown.bmp' - ignored!
[0;33mW (76508) drawprim: BMP: cannot open /sd/blinkensisters/V0.5.4/ADDON/S23_IvoryTower/sister_moveup.bmp[0m
Warning: Can't load FgObjGFX 'sister_moveup.bmp' - ignored!
[0;33mW (76528) drawprim: BMP: cannot open /sd/blinkensisters/V0.5.4/ADDON/S23_IvoryTower/sister_movedown.bmp[0m
Warning: Can't load FgObjGFX 'sister_movedown.bmp' - ignored!
[0;32mI (76858) drawprim: JPEG: /sd/blinkensisters/V0.5.4/ADDON/S23_IvoryTower/c64motherboard.jpg 2048x953 (mcu 16x16, padded 2048x960), need 5898240 bytes[0m
[0;32mI (77318) drawprim: JPEG: loaded /sd/blinkensisters/V0.5.4/ADDON/S23_IvoryTower/c64motherboard.jpg (2048x953)[0m
[0;32mI (77348) drawprim: BMP: loaded /sd/blinkensisters/V0.5.4/ADDON/S23_IvoryTower/electrojungletiles.bmp (32x288 24bpp)[0m
Init Tiles2D
Number of tile objects: 563
Tiles2Array took 30 ticks for 563 elements
Starting oo-script for Level 3 of S23-IvoryTower in BlinkenLUA / Lua 5.0.2!
Bee-Maker included!
Shortname: monster_bee_left1.bmp
[0;32mI (77448) drawprim: BMP: loaded /sd/blinkensisters/V0.5.4/ADDON/S23_IvoryTower/monster_bee_left1.bmp (32x32 8bpp)[0m
Shortname: monster_bee_left2.bmp
[0;32mI (77458) drawprim: BMP: loaded /sd/blinkensisters/V0.5.4/ADDON/S23_IvoryTower/monster_bee_left2.bmp (32x32 24bpp)[0m
Shortname: monster_bee_right1.bmp
[0;32mI (77468) drawprim: BMP: loaded /sd/blinkensisters/V0.5.4/ADDON/S23_IvoryTower/monster_bee_right1.bmp (32x32 8bpp)[0m
Shortname: monster_bee_right2.bmp
[0;32mI (77488) drawprim: BMP: loaded /sd/blinkensisters/V0.5.4/ADDON/S23_IvoryTower/monster_bee_right2.bmp (32x32 24bpp)[0m
[0;33mW (77488) pal_audio: Cannot open FX file: fx_kill_monster.mp3[0m
Shortname: monster_bee_left1.bmp
[0;32mI (77498) drawprim: BMP: loaded /sd/blinkensisters/V0.5.4/ADDON/S23_IvoryTower/monster_bee_left1.bmp (32x32 8bpp)[0m
Shortname: monster_bee_left2.bmp
[0;32mI (77518) drawprim: BMP: loaded /sd/blinkensisters/V0.5.4/ADDON/S23_IvoryTower/monster_bee_left2.bmp (32x32 24bpp)[0m
Shortname: monster_bee_right1.bmp
[0;32mI (77528) drawprim: BMP: loaded /sd/blinkensisters/V0.5.4/ADDON/S23_IvoryTower/monster_bee_right1.bmp (32x32 8bpp)[0m
Shortname: monster_bee_right2.bmp
[0;32mI (77538) drawprim: BMP: loaded /sd/blinkensisters/V0.5.4/ADDON/S23_IvoryTower/monster_bee_right2.bmp (32x32 24bpp)[0m
[0;33mW (77538) pal_audio: Cannot open FX file: fx_kill_monster.mp3[0m
Firetile-Maker included!
[0;32mI (77618) drawprim: PNG: loaded /sd/blinkensisters/V0.5.4/ADDON/S23_IvoryTower/firetile1.png (32x32)[0m
[0;32mI (77668) drawprim: PNG: loaded /sd/blinkensisters/V0.5.4/ADDON/S23_IvoryTower/firetile2.png (32x32)[0m
[0;32mI (77718) drawprim: PNG: loaded /sd/blinkensisters/V0.5.4/ADDON/S23_IvoryTower/firetile3.png (32x32)[0m
[0;32mI (77768) drawprim: PNG: loaded /sd/blinkensisters/V0.5.4/ADDON/S23_IvoryTower/firetile4.png (32x32)[0m
[0;32mI (77818) drawprim: PNG: loaded /sd/blinkensisters/V0.5.4/ADDON/S23_IvoryTower/firetile5.png (32x32)[0m
[0;32mI (77878) drawprim: PNG: loaded /sd/blinkensisters/V0.5.4/ADDON/S23_IvoryTower/firetile6.png (32x32)[0m
Elevator-Maker included!
Shortname: elevator1.bmp
[0;32mI (77928) drawprim: BMP: loaded /sd/blinkensisters/V0.5.4/ADDON/S23_IvoryTower/elevator1.bmp (96x32 24bpp)[0m
Shortname: elevator2.bmp
[0;32mI (77938) drawprim: BMP: loaded /sd/blinkensisters/V0.5.4/ADDON/S23_IvoryTower/elevator2.bmp (96x32 24bpp)[0m
TropfLava-Maker included!
Shortname: tropflava0000.png
[0;32mI (77978) drawprim: PNG: loaded /sd/blinkensisters/V0.5.4/ADDON/S23_IvoryTower/tropflava0000.png (32x96)[0m
Shortname: tropflava0001.png
[0;32mI (77988) drawprim: PNG: loaded /sd/blinkensisters/V0.5.4/ADDON/S23_IvoryTower/tropflava0001.png (32x96)[0m
Shortname: tropflava0002.png
[0;32mI (78008) drawprim: PNG: loaded /sd/blinkensisters/V0.5.4/ADDON/S23_IvoryTower/tropflava0002.png (32x96)[0m
Shortname: tropflava0003.png
[0;32mI (78018) drawprim: PNG: loaded /sd/blinkensisters/V0.5.4/ADDON/S23_IvoryTower/tropflava0003.png (32x96)[0m
Shortname: tropflava0004.png
[0;32mI (78028) drawprim: PNG: loaded /sd/blinkensisters/V0.5.4/ADDON/S23_IvoryTower/tropflava0004.png (32x96)[0m
Shortname: tropflava0005.png
[0;32mI (78048) drawprim: PNG: loaded /sd/blinkensisters/V0.5.4/ADDON/S23_IvoryTower/tropflava0005.png (32x96)[0m
Shortname: tropflava0006.png
[0;32mI (78058) drawprim: PNG: loaded /sd/blinkensisters/V0.5.4/ADDON/S23_IvoryTower/tropflava0006.png (32x96)[0m
Shortname: tropflava0007.png
[0;32mI (78078) drawprim: PNG: loaded /sd/blinkensisters/V0.5.4/ADDON/S23_IvoryTower/tropflava0007.png (32x96)[0m
Shortname: tropflava0008.png
[0;32mI (78098) drawprim: PNG: loaded /sd/blinkensisters/V0.5.4/ADDON/S23_IvoryTower/tropflava0008.png (32x96)[0m
Shortname: tropflava0009.png
[0;32mI (78108) drawprim: PNG: loaded /sd/blinkensisters/V0.5.4/ADDON/S23_IvoryTower/tropflava0009.png (32x96)[0m
Shortname: tropflava0010.png
[0;32mI (78128) drawprim: PNG: loaded /sd/blinkensisters/V0.5.4/ADDON/S23_IvoryTower/tropflava0010.png (32x96)[0m
Shortname: tropflava0011.png
[0;32mI (78148) drawprim: PNG: loaded /sd/blinkensisters/V0.5.4/ADDON/S23_IvoryTower/tropflava0011.png (32x96)[0m
Shortname: tropflava0012.png
[0;32mI (78168) drawprim: PNG: loaded /sd/blinkensisters/V0.5.4/ADDON/S23_IvoryTower/tropflava0012.png (32x96)[0m
Shortname: tropflava0013.png
[0;32mI (78178) drawprim: PNG: loaded /sd/blinkensisters/V0.5.4/ADDON/S23_IvoryTower/tropflava0013.png (32x96)[0m
Shortname: tropflava0014.png
[0;32mI (78198) drawprim: PNG: loaded /sd/blinkensisters/V0.5.4/ADDON/S23_IvoryTower/tropflava0014.png (32x96)[0m
Shortname: tropflava0015.png
[0;32mI (78218) drawprim: PNG: loaded /sd/blinkensisters/V0.5.4/ADDON/S23_IvoryTower/tropflava0015.png (32x96)[0m
Shortname: tropflava0016.png
[0;32mI (78238) drawprim: PNG: loaded /sd/blinkensisters/V0.5.4/ADDON/S23_IvoryTower/tropflava0016.png (32x96)[0m
Shortname: tropflava0017.png
[0;32mI (78248) drawprim: PNG: loaded /sd/blinkensisters/V0.5.4/ADDON/S23_IvoryTower/tropflava0017.png (32x96)[0m
Shortname: tropflava0018.png
[0;32mI (78268) drawprim: PNG: loaded /sd/blinkensisters/V0.5.4/ADDON/S23_IvoryTower/tropflava0018.png (32x96)[0m
Shortname: tropflava0019.png
[0;32mI (78288) drawprim: PNG: loaded /sd/blinkensisters/V0.5.4/ADDON/S23_IvoryTower/tropflava0019.png (32x96)[0m
Shortname: tropflava0020.png
[0;32mI (78308) drawprim: PNG: loaded /sd/blinkensisters/V0.5.4/ADDON/S23_IvoryTower/tropflava0020.png (32x96)[0m
Shortname: tropflava0021.png
[0;32mI (78318) drawprim: PNG: loaded /sd/blinkensisters/V0.5.4/ADDON/S23_IvoryTower/tropflava0021.png (32x96)[0m
Shortname: tropflava0022.png
[0;32mI (78338) drawprim: PNG: loaded /sd/blinkensisters/V0.5.4/ADDON/S23_IvoryTower/tropflava0022.png (32x96)[0m
Shortname: tropflava0023.png
[0;32mI (78358) drawprim: PNG: loaded /sd/blinkensisters/V0.5.4/ADDON/S23_IvoryTower/tropflava0023.png (32x96)[0m
Shortname: tropflava0024.png
[0;32mI (78368) drawprim: PNG: loaded /sd/blinkensisters/V0.5.4/ADDON/S23_IvoryTower/tropflava0024.png (32x96)[0m
Shortname: tropflava0025.png
[0;32mI (78388) drawprim: PNG: loaded /sd/blinkensisters/V0.5.4/ADDON/S23_IvoryTower/tropflava0025.png (32x96)[0m
Shortname: tropflava0026.png
[0;32mI (78408) drawprim: PNG: loaded /sd/blinkensisters/V0.5.4/ADDON/S23_IvoryTower/tropflava0026.png (32x96)[0m
Shortname: tropflava0027.png
[0;32mI (78428) drawprim: PNG: loaded /sd/blinkensisters/V0.5.4/ADDON/S23_IvoryTower/tropflava0027.png (32x96)[0m
Shortname: tropflava0028.png
[0;32mI (78448) drawprim: PNG: loaded /sd/blinkensisters/V0.5.4/ADDON/S23_IvoryTower/tropflava0028.png (32x96)[0m
Shortname: tropflava0029.png
[0;32mI (78468) drawprim: PNG: loaded /sd/blinkensisters/V0.5.4/ADDON/S23_IvoryTower/tropflava0029.png (32x96)[0m
Freeing monster sprites...
[0;33mW (78668) selftest: [S23_IvoryTower] level 4/4: OK, 9 warning/error log line(s), first: W (76378) drawprim: BMP: cannot open /sd/blinkensisters/V0.5.4/ADDON/S23_IvoryTower/sister_movenone.bmp[0m
[0;32mI (78668) selftest: [S23_IvoryTower] level 4/4: free PSRAM 24948868, largest block 24117248, free internal 141779[0m
addon: 
[0;32mI (78708) drawprim: JPEG: /sd/blinkensisters/V0.5.4/loading.jpg 640x480 (mcu 8x8, padded 640x480), need 921600 bytes[0m
[0;32mI (78788) drawprim: JPEG: loaded /sd/blinkensisters/V0.5.4/loading.jpg (640x480)[0m
[0;32mI (79118) drawprim: Fullscreen: stretched /sd/blinkensisters/V0.5.4/loading.jpg from 640x480 to 800x480[0m
addon: mz_xmas2007
[0;32mI (79218) drawprim: JPEG: /sd/blinkensisters/V0.5.4/ADDON/mz_xmas2007/loading.jpg 640x480 (mcu 16x16, padded 640x480), need 921600 bytes[0m
[0;32mI (79288) drawprim: JPEG: loaded /sd/blinkensisters/V0.5.4/ADDON/mz_xmas2007/loading.jpg (640x480)[0m
[0;32mI (79628) drawprim: Fullscreen: stretched /sd/blinkensisters/V0.5.4/ADDON/mz_xmas2007/loading.jpg from 640x480 to 800x480[0m
[0;32mI (79838) selftest: [mz_xmas2007] "MZ X-MAS 2007": 7 level(s)[0m
[0;32mI (79838) selftest: [mz_xmas2007] level 1/7: loading[0m
[0;32mI (79868) drawprim: BMP: loaded /sd/blinkensisters/V0.5.4/ADDON/mz_xmas2007/monster1_left.bmp (32x64 24bpp)[0m
[0;32mI (79898) drawprim: BMP: loaded /sd/blinkensisters/V0.5.4/ADDON/mz_xmas2007/monster1_right.bmp (32x64 24bpp)[0m
[0;32mI (79928) drawprim: BMP: loaded /sd/blinkensisters/V0.5.4/ADDON/mz_xmas2007/monster2_left.bmp (32x64 24bpp)[0m
[0;32mI (79958) drawprim: BMP: loaded /sd/blinkensisters/V0.5.4/ADDON/mz_xmas2007/monster2_right.bmp (32x64 24bpp)[0m
[0;32mI (79988) drawprim: BMP: loaded /sd/blinkensisters/V0.5.4/ADDON/mz_xmas2007/monster3_left.bmp (32x64 24bpp)[0m
[0;32mI (80018) drawprim: BMP: loaded /sd/blinkensisters/V0.5.4/ADDON/mz_xmas2007/monster3_right.bmp (32x64 24bpp)[0m
[0;32mI (80048) drawprim: BMP: loaded /sd/blinkensisters/V0.5.4/ADDON/mz_xmas2007/monster4_left.bmp (32x64 24bpp)[0m
[0;32mI (80078) drawprim: BMP: loaded /sd/blinkensisters/V0.5.4/ADDON/mz_xmas2007/monster4_right.bmp (32x64 24bpp)[0m
[0;32mI (80108) drawprim: BMP: loaded /sd/blinkensisters/V0.5.4/ADDON/mz_xmas2007/monster5_left.bmp (32x128 24bpp)[0m
[0;32mI (80138) drawprim: BMP: loaded /sd/blinkensisters/V0.5.4/ADDON/mz_xmas2007/monster5_right.bmp (32x128 24bpp)[0m
[0;33mW (80278) drawprim: BMP: cannot open /sd/blinkensisters/V0.5.4/ADDON/mz_xmas2007/sister_movenone.bmp[0m
Warning: Can't load FgObjGFX 'sister_movenone.bmp' - ignored!
[0;32mI (80378) drawprim: BMP: loaded /sd/blinkensisters/V0.5.4/ADDON/mz_xmas2007/sister_moveleft.bmp (32x64 24bpp)[0m
[0;33mW (80508) drawprim: BMP: cannot open /sd/blinkensisters/V0.5.4/ADDON/mz_xmas2007/sister_moveleftup.bmp[0m
Warning: Can't load FgObjGFX 'sister_moveleftup.bmp' - ignored!
[0;33mW (80638) drawprim: BMP: cannot open /sd/blinkensisters/V0.5.4/ADDON/mz_xmas2007/sister_moveleftdown.bmp[0m
Warning: Can't load FgObjGFX 'sister_moveleftdown.bmp' - ignored!
[0;32mI (80738) drawprim: BMP: loaded /sd/blinkensisters/V0.5.4/ADDON/mz_xmas2007/sister_moveright.bmp (32x64 24bpp)[0m
[0;33mW (80868) drawprim: BMP: cannot open /sd/blinkensisters/V0.5.4/ADDON/mz_xmas2007/sister_moverightup.bmp[0m
Warning: Can't load FgObjGFX 'sister_moverightup.bmp' - ignored!
[0;33mW (80998) drawprim: BMP: cannot open /sd/blinkensisters/V0.5.4/ADDON/mz_xmas2007/sister_moverightdown.bmp[0m
Warning: Can't load FgObjGFX 'sister_moverightdown.bmp' - ignored!
[0;33mW (81128) drawprim: BMP: cannot open /sd/blinkensisters/V0.5.4/ADDON/mz_xmas2007/sister_moveup.bmp[0m
Warning: Can't load FgObjGFX 'sister_moveup.bmp' - ignored!
[0;33mW (81248) drawprim: BMP: cannot open /sd/blinkensisters/V0.5.4/ADDON/mz_xmas2007/sister_movedown.bmp[0m
Warning: Can't load FgObjGFX 'sister_movedown.bmp' - ignored!
[0;32mI (81508) drawprim: JPEG: /sd/blinkensisters/V0.5.4/ADDON/mz_xmas2007/level1.jpg 2528x768 (mcu 16x16, padded 2528x768), need 5824512 bytes[0m
[0;32mI (81958) drawprim: JPEG: loaded /sd/blinkensisters/V0.5.4/ADDON/mz_xmas2007/level1.jpg (2528x768)[0m
[0;32mI (82068) drawprim: BMP: loaded /sd/blinkensisters/V0.5.4/ADDON/mz_xmas2007/snowtiles.bmp (32x160 24bpp)[0m
Init Tiles2D
Number of tile objects: 243
Starting script for Level0 in BlinkenLUA / Lua 5.0.2!
[0;32mI (82198) drawprim: PNG: loaded /sd/blinkensisters/V0.5.4/ADDON/mz_xmas2007/Schneeflo1k_0000.png (32x32)[0m
[0;32mI (82258) drawprim: PNG: loaded /sd/blinkensisters/V0.5.4/ADDON/mz_xmas2007/Schneeflo1k_0001.png (32x32)[0m
[0;32mI (82328) drawprim: PNG: loaded /sd/blinkensisters/V0.5.4/ADDON/mz_xmas2007/Schneeflo1k_0002.png (32x32)[0m
[0;32mI (82388) drawprim: PNG: loaded /sd/blinkensisters/V0.5.4/ADDON/mz_xmas2007/Schneeflo1k_0003.png (32x32)[0m
[0;32mI (82458) drawprim: PNG: loaded /sd/blinkensisters/V0.5.4/ADDON/mz_xmas2007/Schneeflo1k_0004.png (32x32)[0m
[0;32mI (82518) drawprim: PNG: loaded /sd/blinkensisters/V0.5.4/ADDON/mz_xmas2007/Schneeflo1k_0005.png (32x32)[0m
[0;32mI (82578) drawprim: PNG: loaded /sd/blinkensisters/V0.5.4/ADDON/mz_xmas2007/Schneeflo1k_0006.png (32x32)[0m
[0;32mI (82648) drawprim: PNG: loaded /sd/blinkensisters/V0.5.4/ADDON/mz_xmas2007/Schneeflo1k_0007.png (32x32)[0m
[0;32mI (82708) drawprim: PNG: loaded /sd/blinkensisters/V0.5.4/ADDON/mz_xmas2007/Schneeflo1k_0008.png (32x32)[0m
[0;32mI (82778) drawprim: PNG: loaded /sd/blinkensisters/V0.5.4/ADDON/mz_xmas2007/Schneeflo1k_0009.png (32x32)[0m
[0;32mI (82838) drawprim: PNG: loaded /sd/blinkensisters/V0.5.4/ADDON/mz_xmas2007/Schneeflo1k_0010.png (32x32)[0m
[0;32mI (82908) drawprim: PNG: loaded /sd/blinkensisters/V0.5.4/ADDON/mz_xmas2007/Schneeflo1k_0011.png (32x32)[0m
[0;32mI (82968) drawprim: PNG: loaded /sd/blinkensisters/V0.5.4/ADDON/mz_xmas2007/Schneeflo1k_0012.png (32x32)[0m
[0;32mI (83038) drawprim: PNG: loaded /sd/blinkensisters/V0.5.4/ADDON/mz_xmas2007/Schneeflo1k_0013.png (32x32)[0m
[0;32mI (83098) drawprim: PNG: loaded /sd/blinkensisters/V0.5.4/ADDON/mz_xmas2007/Schneeflo1k_0014.png (32x32)[0m
[0;32mI (83158) drawprim: PNG: loaded /sd/blinkensisters/V0.5.4/ADDON/mz_xmas2007/Schneeflo1k_0015.png (32x32)[0m
[0;32mI (83228) drawprim: PNG: loaded /sd/blinkensisters/V0.5.4/ADDON/mz_xmas2007/Schneeflo1k_0016.png (32x32)[0m
[0;32mI (83298) drawprim: PNG: loaded /sd/blinkensisters/V0.5.4/ADDON/mz_xmas2007/Schneeflo1k_0017.png (32x32)[0m
[0;32mI (83358) drawprim: PNG: loaded /sd/blinkensisters/V0.5.4/ADDON/mz_xmas2007/Schneeflo1k_0018.png (32x32)[0m
[0;32mI (83428) drawprim: PNG: loaded /sd/blinkensisters/V0.5.4/ADDON/mz_xmas2007/Schneeflo1k_0019.png (32x32)[0m
[0;32mI (83498) drawprim: PNG: loaded /sd/blinkensisters/V0.5.4/ADDON/mz_xmas2007/Schneeflo1k_0020.png (32x32)[0m
[0;32mI (83558) drawprim: PNG: loaded /sd/blinkensisters/V0.5.4/ADDON/mz_xmas2007/Schneeflo1k_0021.png (32x32)[0m
[0;32mI (83628) drawprim: PNG: loaded /sd/blinkensisters/V0.5.4/ADDON/mz_xmas2007/Schneeflo1k_0022.png (32x32)[0m
[0;32mI (83698) drawprim: PNG: loaded /sd/blinkensisters/V0.5.4/ADDON/mz_xmas2007/Schneeflo1k_0023.png (32x32)[0m
[0;32mI (83768) drawprim: PNG: loaded /sd/blinkensisters/V0.5.4/ADDON/mz_xmas2007/Schneeflo1k_0024.png (32x32)[0m
[0;32mI (83828) drawprim: PNG: loaded /sd/blinkensisters/V0.5.4/ADDON/mz_xmas2007/Schneeflo1k_0025.png (32x32)[0m
[0;32mI (83898) drawprim: PNG: loaded /sd/blinkensisters/V0.5.4/ADDON/mz_xmas2007/Schneeflo1k_0026.png (32x32)[0m
[0;32mI (83968) drawprim: PNG: loaded /sd/blinkensisters/V0.5.4/ADDON/mz_xmas2007/Schneeflo1k_0027.png (32x32)[0m
[0;32mI (84038) drawprim: PNG: loaded /sd/blinkensisters/V0.5.4/ADDON/mz_xmas2007/Schneeflo1k_0028.png (32x32)[0m
[0;32mI (84108) drawprim: PNG: loaded /sd/blinkensisters/V0.5.4/ADDON/mz_xmas2007/Schneeflo1k_0029.png (32x32)[0m
[0;32mI (84178) drawprim: PNG: loaded /sd/blinkensisters/V0.5.4/ADDON/mz_xmas2007/Schneeflo1k_0030.png (32x32)[0m
[0;32mI (84248) drawprim: PNG: loaded /sd/blinkensisters/V0.5.4/ADDON/mz_xmas2007/Schneeflo1k_0031.png (32x32)[0m
[0;32mI (84318) drawprim: PNG: loaded /sd/blinkensisters/V0.5.4/ADDON/mz_xmas2007/Schneeflo1k_0032.png (32x32)[0m
[0;32mI (84388) drawprim: PNG: loaded /sd/blinkensisters/V0.5.4/ADDON/mz_xmas2007/Schneeflo1k_0033.png (32x32)[0m
[0;32mI (84458) drawprim: PNG: loaded /sd/blinkensisters/V0.5.4/ADDON/mz_xmas2007/Schneeflo1k_0034.png (32x32)[0m
[0;32mI (84528) drawprim: PNG: loaded /sd/blinkensisters/V0.5.4/ADDON/mz_xmas2007/Schneeflo1k_0035.png (32x32)[0m
[0;32mI (84598) drawprim: PNG: loaded /sd/blinkensisters/V0.5.4/ADDON/mz_xmas2007/Schneeflo1k_0036.png (32x32)[0m
[0;32mI (84668) drawprim: PNG: loaded /sd/blinkensisters/V0.5.4/ADDON/mz_xmas2007/Schneeflo1k_0037.png (32x32)[0m
[0;32mI (84738) drawprim: PNG: loaded /sd/blinkensisters/V0.5.4/ADDON/mz_xmas2007/Schneeflo1k_0038.png (32x32)[0m
[1;31mE (84798) cache: esp_cache_msync(103): invalid addr or null pointer[0m
[1;31mE (84798) sdmmc_cmd: sdmmc_read_sectors_dma: sdmmc_send_cmd returned 0x102, status 0x900[0m
[1;31mE (84798) diskio_sdmmc: sdmmc_read_blocks failed (0x102)[0m
[1;31mE (84798) drawprim: PNG: OOM reading /sd/blinkensisters/V0.5.4/ADDON/mz_xmas2007/Schneeflo1k_0039.png[0m
[1;31mE (84798) bserror: FATAL ERROR 102: Can't read or understand image file | /sd/blinkensisters/V0.5.4/ADDON/mz_xmas2007/Schneeflo1k_0039.png | ./main/game/fgobjects.cpp:107[0m
Freeing monster sprites...
[1;31mE (84838) selftest: [mz_xmas2007] level 1/7: FAILED in load: error 102: Can't read or understand image file | /sd/blinkensisters/V0.5.4/ADDON/mz_xmas2007/Schneeflo1k_0039.png | ./main/game/fgobjects.cpp:107[0m
[0;32mI (84838) selftest: [mz_xmas2007] level 1/7: free PSRAM 24948868, largest block 24117248, free internal 141547[0m
[0;32mI (84838) selftest: [mz_xmas2007] level 2/7: loading[0m
[0;32mI (84868) drawprim: BMP: loaded /sd/blinkensisters/V0.5.4/ADDON/mz_xmas2007/monster1_left.bmp (32x64 24bpp)[0m
[0;32mI (84898) drawprim: BMP: loaded /sd/blinkensisters/V0.5.4/ADDON/mz_xmas2007/monster1_right.bmp (32x64 24bpp)[0m
[0;32mI (84928) drawprim: BMP: loaded /sd/blinkensisters/V0.5.4/ADDON/mz_xmas2007/monster2_left.bmp (32x64 24bpp)[0m
[0;32mI (84958) drawprim: BMP: loaded /sd/blinkensisters/V0.5.4/ADDON/mz_xmas2007/monster2_right.bmp (32x64 24bpp)[0m
[0;32mI (84988) drawprim: BMP: loaded /sd/blinkensisters/V0.5.4/ADDON/mz_xmas2007/monster3_left.bmp (32x64 24bpp)[0m
[0;32mI (85018) drawprim: BMP: loaded /sd/blinkensisters/V0.5.4/ADDON/mz_xmas2007/monster3_right.bmp (32x64 24bpp)[0m
[0;32mI (85038) drawprim: BMP: loaded /sd/blinkensisters/V0.5.4/ADDON/mz_xmas2007/monster4_left.bmp (32x64 24bpp)[0m
[0;32mI (85068) drawprim: BMP: loaded /sd/blinkensisters/V0.5.4/ADDON/mz_xmas2007/monster4_right.bmp (32x64 24bpp)[0m
[0;32mI (85108) drawprim: BMP: loaded /sd/blinkensisters/V0.5.4/ADDON/mz_xmas2007/monster5_left.bmp (32x128 24bpp)[0m
[0;32mI (85138) drawprim: BMP: loaded /sd/blinkensisters/V0.5.4/ADDON/mz_xmas2007/monster5_right.bmp (32x128 24bpp)[0m
[0;33mW (85278) drawprim: BMP: cannot open /sd/blinkensisters/V0.5.4/ADDON/mz_xmas2007/sister_movenone.bmp[0m
Warning: Can't load FgObjGFX 'sister_movenone.bmp' - ignored!
[0;32mI (85378) drawprim: BMP: loaded /sd/blinkensisters/V0.5.4/ADDON/mz_xmas2007/sister_moveleft.bmp (32x64 24bpp)[0m
[0;33mW (85508) drawprim: BMP: cannot open /sd/blinkensisters/V0.5.4/ADDON/mz_xmas2007/sister_moveleftup.bmp[0m
Warning: Can't load FgObjGFX 'sister_moveleftup.bmp' - ignored!
[0;33mW (85638) drawprim: BMP: cannot open /sd/blinkensisters/V0.5.4/ADDON/mz_xmas2007/sister_moveleftdown.bmp[0m
Warning: Can't load FgObjGFX 'sister_moveleftdown.bmp' - ignored!
[0;32mI (85738) drawprim: BMP: loaded /sd/blinkensisters/V0.5.4/ADDON/mz_xmas2007/sister_moveright.bmp (32x64 24bpp)[0m
[0;33mW (85868) drawprim: BMP: cannot open /sd/blinkensisters/V0.5.4/ADDON/mz_xmas2007/sister_moverightup.bmp[0m
Warning: Can't load FgObjGFX 'sister_moverightup.bmp' - ignored!
[0;33mW (85998) drawprim: BMP: cannot open /sd/blinkensisters/V0.5.4/ADDON/mz_xmas2007/sister_moverightdown.bmp[0m
Warning: Can't load FgObjGFX 'sister_moverightdown.bmp' - ignored!
[0;33mW (86128) drawprim: BMP: cannot open /sd/blinkensisters/V0.5.4/ADDON/mz_xmas2007/sister_moveup.bmp[0m
Warning: Can't load FgObjGFX 'sister_moveup.bmp' - ignored!
[0;33mW (86248) drawprim: BMP: cannot open /sd/blinkensisters/V0.5.4/ADDON/mz_xmas2007/sister_movedown.bmp[0m
Warning: Can't load FgObjGFX 'sister_movedown.bmp' - ignored!
[0;32mI (86618) drawprim: JPEG: /sd/blinkensisters/V0.5.4/ADDON/mz_xmas2007/level2.jpg 2528x768 (mcu 16x16, padded 2528x768), need 5824512 bytes[0m
[0;32mI (87068) drawprim: JPEG: loaded /sd/blinkensisters/V0.5.4/ADDON/mz_xmas2007/level2.jpg (2528x768)[0m
[0;32mI (87178) drawprim: BMP: loaded /sd/blinkensisters/V0.5.4/ADDON/mz_xmas2007/snowtiles.bmp (32x160 24bpp)[0m
Init Tiles2D
Number of tile objects: 401
Starting script for Level0 in BlinkenLUA / Lua 5.0.2!
[0;32mI (87278) drawprim: PNG: loaded /sd/blinkensisters/V0.5.4/ADDON/mz_xmas2007/Schneeflo1k_0000.png (32x32)[0m
[0;32mI (87338) drawprim: PNG: loaded /sd/blinkensisters/V0.5.4/ADDON/mz_xmas2007/Schneeflo1k_0001.png (32x32)[0m
[0;32mI (87408) drawprim: PNG: loaded /sd/blinkensisters/V0.5.4/ADDON/mz_xmas2007/Schneeflo1k_0002.png (32x32)[0m
[0;32mI (87468) drawprim: PNG: loaded /sd/blinkensisters/V0.5.4/ADDON/mz_xmas2007/Schneeflo1k_0003.png (32x32)[0m
[0;32mI (87528) drawprim: PNG: loaded /sd/blinkensisters/V0.5.4/ADDON/mz_xmas2007/Schneeflo1k_0004.png (32x32)[0m
[0;32mI (87598) drawprim: PNG: loaded /sd/blinkensisters/V0.5.4/ADDON/mz_xmas2007/Schneeflo1k_0005.png (32x32)[0m
[0;32mI (87658) drawprim: PNG: loaded /sd/blinkensisters/V0.5.4/ADDON/mz_xmas2007/Schneeflo1k_0006.png (32x32)[0m
[0;32mI (87728) drawprim: PNG: loaded /sd/blinkensisters/V0.5.4/ADDON/mz_xmas2007/Schneeflo1k_0007.png (32x32)[0m
[0;32mI (87788) drawprim: PNG: loaded /sd/blinkensisters/V0.5.4/ADDON/mz_xmas2007/Schneeflo1k_0008.png (32x32)[0m
[0;32mI (87858) drawprim: PNG: loaded /sd/blinkensisters/V0.5.4/ADDON/mz_xmas2007/Schneeflo1k_0009.png (32x32)[0m
[0;32mI (87918) drawprim: PNG: loaded /sd/blinkensisters/V0.5.4/ADDON/mz_xmas2007/Schneeflo1k_0010.png (32x32)[0m
[0;32mI (87978) drawprim: PNG: loaded /sd/blinkensisters/V0.5.4/ADDON/mz_xmas2007/Schneeflo1k_0011.png (32x32)[0m
[0;32mI (88048) drawprim: PNG: loaded /sd/blinkensisters/V0.5.4/ADDON/mz_xmas2007/Schneeflo1k_0012.png (32x32)[0m
[0;32mI (88108) drawprim: PNG: loaded /sd/blinkensisters/V0.5.4/ADDON/mz_xmas2007/Schneeflo1k_0013.png (32x32)[0m
[0;32mI (88178) drawprim: PNG: loaded /sd/blinkensisters/V0.5.4/ADDON/mz_xmas2007/Schneeflo1k_0014.png (32x32)[0m
[0;32mI (88238) drawprim: PNG: loaded /sd/blinkensisters/V0.5.4/ADDON/mz_xmas2007/Schneeflo1k_0015.png (32x32)[0m
[0;32mI (88308) drawprim: PNG: loaded /sd/blinkensisters/V0.5.4/ADDON/mz_xmas2007/Schneeflo1k_0016.png (32x32)[0m
[0;32mI (88368) drawprim: PNG: loaded /sd/blinkensisters/V0.5.4/ADDON/mz_xmas2007/Schneeflo1k_0017.png (32x32)[0m
[0;32mI (88438) drawprim: PNG: loaded /sd/blinkensisters/V0.5.4/ADDON/mz_xmas2007/Schneeflo1k_0018.png (32x32)[0m
[0;32mI (88508) drawprim: PNG: loaded /sd/blinkensisters/V0.5.4/ADDON/mz_xmas2007/Schneeflo1k_0019.png (32x32)[0m
[0;32mI (88568) drawprim: PNG: loaded /sd/blinkensisters/V0.5.4/ADDON/mz_xmas2007/Schneeflo1k_0020.png (32x32)[0m
[0;32mI (88638) drawprim: PNG: loaded /sd/blinkensisters/V0.5.4/ADDON/mz_xmas2007/Schneeflo1k_0021.png (32x32)[0m
[0;32mI (88708) drawprim: PNG: loaded /sd/blinkensisters/V0.5.4/ADDON/mz_xmas2007/Schneeflo1k_0022.png (32x32)[0m
[0;32mI (88778) drawprim: PNG: loaded /sd/blinkensisters/V0.5.4/ADDON/mz_xmas2007/Schneeflo1k_0023.png (32x32)[0m
[0;32mI (88848) drawprim: PNG: loaded /sd/blinkensisters/V0.5.4/ADDON/mz_xmas2007/Schneeflo1k_0024.png (32x32)[0m
[0;32mI (88908) drawprim: PNG: loaded /sd/blinkensisters/V0.5.4/ADDON/mz_xmas2007/Schneeflo1k_0025.png (32x32)[0m
[0;32mI (88978) drawprim: PNG: loaded /sd/blinkensisters/V0.5.4/ADDON/mz_xmas2007/Schneeflo1k_0026.png (32x32)[0m
[0;32mI (89048) drawprim: PNG: loaded /sd/blinkensisters/V0.5.4/ADDON/mz_xmas2007/Schneeflo1k_0027.png (32x32)[0m
[0;32mI (89118) drawprim: PNG: loaded /sd/blinkensisters/V0.5.4/ADDON/mz_xmas2007/Schneeflo1k_0028.png (32x32)[0m
[0;32mI (89188) drawprim: PNG: loaded /sd/blinkensisters/V0.5.4/ADDON/mz_xmas2007/Schneeflo1k_0029.png (32x32)[0m
[0;32mI (89258) drawprim: PNG: loaded /sd/blinkensisters/V0.5.4/ADDON/mz_xmas2007/Schneeflo1k_0030.png (32x32)[0m
[0;32mI (89328) drawprim: PNG: loaded /sd/blinkensisters/V0.5.4/ADDON/mz_xmas2007/Schneeflo1k_0031.png (32x32)[0m
[0;32mI (89398) drawprim: PNG: loaded /sd/blinkensisters/V0.5.4/ADDON/mz_xmas2007/Schneeflo1k_0032.png (32x32)[0m
[0;32mI (89468) drawprim: PNG: loaded /sd/blinkensisters/V0.5.4/ADDON/mz_xmas2007/Schneeflo1k_0033.png (32x32)[0m
[1;31mE (89538) cache: esp_cache_msync(103): invalid addr or null pointer[0m
[1;31mE (89538) sdmmc_cmd: sdmmc_read_sectors_dma: sdmmc_send_cmd returned 0x102, status 0x900[0m
[1;31mE (89538) diskio_sdmmc: sdmmc_read_blocks failed (0x102)[0m
[1;31mE (89538) drawprim: PNG: OOM reading /sd/blinkensisters/V0.5.4/ADDON/mz_xmas2007/Schneeflo1k_0034.png[0m
[1;31mE (89538) bserror: FATAL ERROR 102: Can't read or understand image file | /sd/blinkensisters/V0.5.4/ADDON/mz_xmas2007/Schneeflo1k_0034.png | ./main/game/fgobjects.cpp:107[0m
Freeing monster sprites...
[1;31mE (89578) selftest: [mz_xmas2007] level 2/7: FAILED in load: error 102: Can't read or understand image file | /sd/blinkensisters/V0.5.4/ADDON/mz_xmas2007/Schneeflo1k_0034.png | ./main/game/fgobjects.cpp:107[0m
[0;32mI (89578) selftest: [mz_xmas2007] level 2/7: free PSRAM 24948868, largest block 24117248, free internal 141559[0m
[0;32mI (89578) selftest: [mz_xmas2007] level 3/7: loading[0m
[0;32mI (89608) drawprim: BMP: loaded /sd/blinkensisters/V0.5.4/ADDON/mz_xmas2007/monster1_left.bmp (32x64 24bpp)[0m
[0;32mI (89638) drawprim: BMP: loaded /sd/blinkensisters/V0.5.4/ADDON/mz_xmas2007/monster1_right.bmp (32x64 24bpp)[0m
[0;32mI (89658) drawprim: BMP: loaded /sd/blinkensisters/V0.5.4/ADDON/mz_xmas2007/monster2_left.bmp (32x64 24bpp)[0m
[0;32mI (89688) drawprim: BMP: loaded /sd/blinkensisters/V0.5.4/ADDON/mz_xmas2007/monster2_right.bmp (32x64 24bpp)[0m
[0;32mI (89718) drawprim: BMP: loaded /sd/blinkensisters/V0.5.4/ADDON/mz_xmas2007/monster3_left.bmp (32x64 24bpp)[0m
[0;32mI (89748) drawprim: BMP: loaded /sd/blinkensisters/V0.5.4/ADDON/mz_xmas2007/monster3_right.bmp (32x64 24bpp)[0m
[0;32mI (89778) drawprim: BMP: loaded /sd/blinkensisters/V0.5.4/ADDON/mz_xmas2007/monster4_left.bmp (32x64 24bpp)[0m
[0;32mI (89808) drawprim: BMP: loaded /sd/blinkensisters/V0.5.4/ADDON/mz_xmas2007/monster4_right.bmp (32x64 24bpp)[0m
[0;32mI (89838) drawprim: BMP: loaded /sd/blinkensisters/V0.5.4/ADDON/mz_xmas2007/monster5_left.bmp (32x128 24bpp)[0m
[0;32mI (89878) drawprim: BMP: loaded /sd/blinkensisters/V0.5.4/ADDON/mz_xmas2007/monster5_right.bmp (32x128 24bpp)[0m
[0;33mW (90018) drawprim: BMP: cannot open /sd/blinkensisters/V0.5.4/ADDON/mz_xmas2007/sister_movenone.bmp[0m
Warning: Can't load FgObjGFX 'sister_movenone.bmp' - ignored!
[0;32mI (90118) drawprim: BMP: loaded /sd/blinkensisters/V0.5.4/ADDON/mz_xmas2007/sister_moveleft.bmp (32x64 24bpp)[0m
[0;33mW (90248) drawprim: BMP: cannot open /sd/blinkensisters/V0.5.4/ADDON/mz_xmas2007/sister_moveleftup.bmp[0m
Warning: Can't load FgObjGFX 'sister_moveleftup.bmp' - ignored!
[0;33mW (90368) drawprim: BMP: cannot open /sd/blinkensisters/V0.5.4/ADDON/mz_xmas2007/sister_moveleftdown.bmp[0m
Warning: Can't load FgObjGFX 'sister_moveleftdown.bmp' - ignored!
[0;32mI (90478) drawprim: BMP: loaded /sd/blinkensisters/V0.5.4/ADDON/mz_xmas2007/sister_moveright.bmp (32x64 24bpp)[0m
[0;33mW (90608) drawprim: BMP: cannot open /sd/blinkensisters/V0.5.4/ADDON/mz_xmas2007/sister_moverightup.bmp[0m
Warning: Can't load FgObjGFX 'sister_moverightup.bmp' - ignored!
[0;33mW (90728) drawprim: BMP: cannot open /sd/blinkensisters/V0.5.4/ADDON/mz_xmas2007/sister_moverightdown.bmp[0m
Warning: Can't load FgObjGFX 'sister_moverightdown.bmp' - ignored!
[0;33mW (90858) drawprim: BMP: cannot open /sd/blinkensisters/V0.5.4/ADDON/mz_xmas2007/sister_moveup.bmp[0m
Warning: Can't load FgObjGFX 'sister_moveup.bmp' - ignored!
[0;33mW (90988) drawprim: BMP: cannot open /sd/blinkensisters/V0.5.4/ADDON/mz_xmas2007/sister_movedown.bmp[0m
Warning: Can't load FgObjGFX 'sister_movedown.bmp' - ignored!
[0;32mI (91338) drawprim: JPEG: /sd/blinkensisters/V0.5.4/ADDON/mz_xmas2007/level3.jpg 2528x768 (mcu 16x16, padded 2528x768), need 5824512 bytes[0m
[0;32mI (91788) drawprim: JPEG: loaded /sd/blinkensisters/V0.5.4/ADDON/mz_xmas2007/level3.jpg (2528x768)[0m
[0;32mI (91898) drawprim: BMP: loaded /sd/blinkensisters/V0.5.4/ADDON/mz_xmas2007/snowtiles.bmp (32x160 24bpp)[0m
Init Tiles2D
Number of tile objects: 294
Starting script for Level0 in BlinkenLUA / Lua 5.0.2!
[0;32mI (92018) drawprim: PNG: loaded /sd/blinkensisters/V0.5.4/ADDON/mz_xmas2007/Schneeflo1k_0000.png (32x32)[0m
[0;32mI (92078) drawprim: PNG: loaded /sd/blinkensisters/V0.5.4/ADDON/mz_xmas2007/Schneeflo1k_0001.png (32x32)[0m
[0;32mI (92148) drawprim: PNG: loaded /sd/blinkensisters/V0.5.4/ADDON/mz_xmas2007/Schneeflo1k_0002.png (32x32)[0m
[0;32mI (92208) drawprim: PNG: loaded /sd/blinkensisters/V0.5.4/ADDON/mz_xmas2007/Schneeflo1k_0003.png (32x32)[0m
[0;32mI (92268) drawprim: PNG: loaded /sd/blinkensisters/V0.5.4/ADDON/mz_xmas2007/Schneeflo1k_0004.png (32x32)[0m
[0;32mI (92338) drawprim: PNG: loaded /sd/blinkensisters/V0.5.4/ADDON/mz_xmas2007/Schneeflo1k_0005.png (32x32)[0m
[0;32mI (92398) drawprim: PNG: loaded /sd/blinkensisters/V0.5.4/ADDON/mz_xmas2007/Schneeflo1k_0006.png (32x32)[0m
[0;32mI (92468) drawprim: PNG: loaded /sd/blinkensisters/V0.5.4/ADDON/mz_xmas2007/Schneeflo1k_0007.png (32x32)[0m
[0;32mI (92528) drawprim: PNG: loaded /sd/blinkensisters/V0.5.4/ADDON/mz_xmas2007/Schneeflo1k_0008.png (32x32)[0m
[0;32mI (92588) drawprim: PNG: loaded /sd/blinkensisters/V0.5.4/ADDON/mz_xmas2007/Schneeflo1k_0009.png (32x32)[0m
[0;32mI (92658) drawprim: PNG: loaded /sd/blinkensisters/V0.5.4/ADDON/mz_xmas2007/Schneeflo1k_0010.png (32x32)[0m
[0;32mI (92718) drawprim: PNG: loaded /sd/blinkensisters/V0.5.4/ADDON/mz_xmas2007/Schneeflo1k_0011.png (32x32)[0m
[0;32mI (92788) drawprim: PNG: loaded /sd/blinkensisters/V0.5.4/ADDON/mz_xmas2007/Schneeflo1k_0012.png (32x32)[0m
[0;32mI (92848) drawprim: PNG: loaded /sd/blinkensisters/V0.5.4/ADDON/mz_xmas2007/Schneeflo1k_0013.png (32x32)[0m
[0;32mI (92908) drawprim: PNG: loaded /sd/blinkensisters/V0.5.4/ADDON/mz_xmas2007/Schneeflo1k_0014.png (32x32)[0m
[0;32mI (92978) drawprim: PNG: loaded /sd/blinkensisters/V0.5.4/ADDON/mz_xmas2007/Schneeflo1k_0015.png (32x32)[0m
[0;32mI (93048) drawprim: PNG: loaded /sd/blinkensisters/V0.5.4/ADDON/mz_xmas2007/Schneeflo1k_0016.png (32x32)[0m
[0;32mI (93108) drawprim: PNG: loaded /sd/blinkensisters/V0.5.4/ADDON/mz_xmas2007/Schneeflo1k_0017.png (32x32)[0m
[0;32mI (93178) drawprim: PNG: loaded /sd/blinkensisters/V0.5.4/ADDON/mz_xmas2007/Schneeflo1k_0018.png (32x32)[0m
[0;32mI (93248) drawprim: PNG: loaded /sd/blinkensisters/V0.5.4/ADDON/mz_xmas2007/Schneeflo1k_0019.png (32x32)[0m
[0;32mI (93318) drawprim: PNG: loaded /sd/blinkensisters/V0.5.4/ADDON/mz_xmas2007/Schneeflo1k_0020.png (32x32)[0m
[0;32mI (93378) drawprim: PNG: loaded /sd/blinkensisters/V0.5.4/ADDON/mz_xmas2007/Schneeflo1k_0021.png (32x32)[0m
[0;32mI (93448) drawprim: PNG: loaded /sd/blinkensisters/V0.5.4/ADDON/mz_xmas2007/Schneeflo1k_0022.png (32x32)[0m
[0;32mI (93518) drawprim: PNG: loaded /sd/blinkensisters/V0.5.4/ADDON/mz_xmas2007/Schneeflo1k_0023.png (32x32)[0m
[0;32mI (93588) drawprim: PNG: loaded /sd/blinkensisters/V0.5.4/ADDON/mz_xmas2007/Schneeflo1k_0024.png (32x32)[0m
[0;32mI (93658) drawprim: PNG: loaded /sd/blinkensisters/V0.5.4/ADDON/mz_xmas2007/Schneeflo1k_0025.png (32x32)[0m
[0;32mI (93718) drawprim: PNG: loaded /sd/blinkensisters/V0.5.4/ADDON/mz_xmas2007/Schneeflo1k_0026.png (32x32)[0m
[0;32mI (93788) drawprim: PNG: loaded /sd/blinkensisters/V0.5.4/ADDON/mz_xmas2007/Schneeflo1k_0027.png (32x32)[0m
[0;32mI (93858) drawprim: PNG: loaded /sd/blinkensisters/V0.5.4/ADDON/mz_xmas2007/Schneeflo1k_0028.png (32x32)[0m
[0;32mI (93928) drawprim: PNG: loaded /sd/blinkensisters/V0.5.4/ADDON/mz_xmas2007/Schneeflo1k_0029.png (32x32)[0m
[0;32mI (93998) drawprim: PNG: loaded /sd/blinkensisters/V0.5.4/ADDON/mz_xmas2007/Schneeflo1k_0030.png (32x32)[0m
[0;32mI (94068) drawprim: PNG: loaded /sd/blinkensisters/V0.5.4/ADDON/mz_xmas2007/Schneeflo1k_0031.png (32x32)[0m
[0;32mI (94138) drawprim: PNG: loaded /sd/blinkensisters/V0.5.4/ADDON/mz_xmas2007/Schneeflo1k_0032.png (32x32)[0m
[0;32mI (94208) drawprim: PNG: loaded /sd/blinkensisters/V0.5.4/ADDON/mz_xmas2007/Schneeflo1k_0033.png (32x32)[0m
[0;32mI (94278) drawprim: PNG: loaded /sd/blinkensisters/V0.5.4/ADDON/mz_xmas2007/Schneeflo1k_0034.png (32x32)[0m
[1;31mE (94338) cache: esp_cache_msync(103): invalid addr or null pointer[0m
[1;31mE (94338) sdmmc_cmd: sdmmc_read_sectors_dma: sdmmc_send_cmd returned 0x102, status 0x900[0m
[1;31mE (94338) diskio_sdmmc: sdmmc_read_blocks failed (0x102)[0m
[1;31mE (94338) drawprim: PNG: OOM reading /sd/blinkensisters/V0.5.4/ADDON/mz_xmas2007/Schneeflo1k_0035.png[0m
[1;31mE (94338) bserror: FATAL ERROR 102: Can't read or understand image file | /sd/blinkensisters/V0.5.4/ADDON/mz_xmas2007/Schneeflo1k_0035.png | ./main/game/fgobjects.cpp:107[0m
Freeing monster sprites...
[1;31mE (94378) selftest: [mz_xmas2007] level 3/7: FAILED in load: error 102: Can't read or understand image file | /sd/blinkensisters/V0.5.4/ADDON/mz_xmas2007/Schneeflo1k_0035.png | ./main/game/fgobjects.cpp:107[0m
[0;32mI (94378) selftest: [mz_xmas2007] level 3/7: free PSRAM 24948868, largest block 24117248, free internal 141547[0m
[0;32mI (94378) selftest: [mz_xmas2007] level 4/7: loading[0m
[0;32mI (94408) drawprim: BMP: loaded /sd/blinkensisters/V0.5.4/ADDON/mz_xmas2007/monster1_left.bmp (32x64 24bpp)[0m
[0;32mI (94438) drawprim: BMP: loaded /sd/blinkensisters/V0.5.4/ADDON/mz_xmas2007/monster1_right.bmp (32x64 24bpp)[0m
[0;32mI (94468) drawprim: BMP: loaded /sd/blinkensisters/V0.5.4/ADDON/mz_xmas2007/monster2_left.bmp (32x64 24bpp)[0m
[0;32mI (94498) drawprim: BMP: loaded /sd/blinkensisters/V0.5.4/ADDON/mz_xmas2007/monster2_right.bmp (32x64 24bpp)[0m
[0;32mI (94518) drawprim: BMP: loaded /sd/blinkensisters/V0.5.4/ADDON/mz_xmas2007/monster3_left.bmp (32x64 24bpp)[0m
[0;32mI (94548) drawprim: BMP: loaded /sd/blinkensisters/V0.5.4/ADDON/mz_xmas2007/monster3_right.bmp (32x64 24bpp)[0m
[0;32mI (94578) drawprim: BMP: loaded /sd/blinkensisters/V0.5.4/ADDON/mz_xmas2007/monster4_left.bmp (32x64 24bpp)[0m
[0;32mI (94608) drawprim: BMP: loaded /sd/blinkensisters/V0.5.4/ADDON/mz_xmas2007/monster4_right.bmp (32x64 24bpp)[0m
[0;32mI (94648) drawprim: BMP: loaded /sd/blinkensisters/V0.5.4/ADDON/mz_xmas2007/monster5_left.bmp (32x128 24bpp)[0m
[0;32mI (94678) drawprim: BMP: loaded /sd/blinkensisters/V0.5.4/ADDON/mz_xmas2007/monster5_right.bmp (32x128 24bpp)[0m
[0;33mW (94818) drawprim: BMP: cannot open /sd/blinkensisters/V0.5.4/ADDON/mz_xmas2007/sister_movenone.bmp[0m
Warning: Can't load FgObjGFX 'sister_movenone.bmp' - ignored!
[0;32mI (94918) drawprim: BMP: loaded /sd/blinkensisters/V0.5.4/ADDON/mz_xmas2007/sister_moveleft.bmp (32x64 24bpp)[0m
[0;33mW (95048) drawprim: BMP: cannot open /sd/blinkensisters/V0.5.4/ADDON/mz_xmas2007/sister_moveleftup.bmp[0m
Warning: Can't load FgObjGFX 'sister_moveleftup.bmp' - ignored!
[0;33mW (95178) drawprim: BMP: cannot open /sd/blinkensisters/V0.5.4/ADDON/mz_xmas2007/sister_moveleftdown.bmp[0m
Warning: Can't load FgObjGFX 'sister_moveleftdown.bmp' - ignored!
[0;32mI (95278) drawprim: BMP: loaded /sd/blinkensisters/V0.5.4/ADDON/mz_xmas2007/sister_moveright.bmp (32x64 24bpp)[0m
[0;33mW (95408) drawprim: BMP: cannot open /sd/blinkensisters/V0.5.4/ADDON/mz_xmas2007/sister_moverightup.bmp[0m
Warning: Can't load FgObjGFX 'sister_moverightup.bmp' - ignored!
[0;33mW (95538) drawprim: BMP: cannot open /sd/blinkensisters/V0.5.4/ADDON/mz_xmas2007/sister_moverightdown.bmp[0m
Warning: Can't load FgObjGFX 'sister_moverightdown.bmp' - ignored!
[0;33mW (95668) drawprim: BMP: cannot open /sd/blinkensisters/V0.5.4/ADDON/mz_xmas2007/sister_moveup.bmp[0m
Warning: Can't load FgObjGFX 'sister_moveup.bmp' - ignored!
[0;33mW (95788) drawprim: BMP: cannot open /sd/blinkensisters/V0.5.4/ADDON/mz_xmas2007/sister_movedown.bmp[0m
Warning: Can't load FgObjGFX 'sister_movedown.bmp' - ignored!
[0;32mI (96158) drawprim: JPEG: /sd/blinkensisters/V0.5.4/ADDON/mz_xmas2007/level4.jpg 2528x768 (mcu 16x16, padded 2528x768), need 5824512 bytes[0m
[0;32mI (96608) drawprim: JPEG: loaded /sd/blinkensisters/V0.5.4/ADDON/mz_xmas2007/level4.jpg (2528x768)[0m
[0;32mI (96708) drawprim: BMP: loaded /sd/blinkensisters/V0.5.4/ADDON/mz_xmas2007/snowtiles.bmp (32x160 24bpp)[0m
Init Tiles2D
Number of tile objects: 287
Starting script for Level0 in BlinkenLUA / Lua 5.0.2!
[0;32mI (96808) drawprim: PNG: loaded /sd/blinkensisters/V0.5.4/ADDON/mz_xmas2007/Schneeflo1k_0000.png (32x32)[0m
[0;32mI (96868) drawprim: PNG: loaded /sd/blinkensisters/V0.5.4/ADDON/mz_xmas2007/Schneeflo1k_0001.png (32x32)[0m
[0;32mI (96938) drawprim: PNG: loaded /sd/blinkensisters/V0.5.4/ADDON/mz_xmas2007/Schneeflo1k_0002.png (32x32)[0m
[0;32mI (96998) drawprim: PNG: loaded /sd/blinkensisters/V0.5.4/ADDON/mz_xmas2007/Schneeflo1k_0003.png (32x32)[0m
[0;32mI (97058) drawprim: PNG: loaded /sd/blinkensisters/V0.5.4/ADDON/mz_xmas2007/Schneeflo1k_0004.png (32x32)[0m
[0;32mI (97128) drawprim: PNG: loaded /sd/blinkensisters/V0.5.4/ADDON/mz_xmas2007/Schneeflo1k_0005.png (32x32)[0m
[0;32mI (97198) drawprim: PNG: loaded /sd/blinkensisters/V0.5.4/ADDON/mz_xmas2007/Schneeflo1k_0006.png (32x32)[0m
[0;32mI (97258) drawprim: PNG: loaded /sd/blinkensisters/V0.5.4/ADDON/mz_xmas2007/Schneeflo1k_0007.png (32x32)[0m
[0;32mI (97328) drawprim: PNG: loaded /sd/blinkensisters/V0.5.4/ADDON/mz_xmas2007/Schneeflo1k_0008.png (32x32)[0m
[0;32mI (97388) drawprim: PNG: loaded /sd/blinkensisters/V0.5.4/ADDON/mz_xmas2007/Schneeflo1k_0009.png (32x32)[0m
[0;32mI (97458) drawprim: PNG: loaded /sd/blinkensisters/V0.5.4/ADDON/mz_xmas2007/Schneeflo1k_0010.png (32x32)[0m
[0;32mI (97518) drawprim: PNG: loaded /sd/blinkensisters/V0.5.4/ADDON/mz_xmas2007/Schneeflo1k_0011.png (32x32)[0m
[0;32mI (97578) drawprim: PNG: loaded /sd/blinkensisters/V0.5.4/ADDON/mz_xmas2007/Schneeflo1k_0012.png (32x32)[0m
[0;32mI (97648) drawprim: PNG: loaded /sd/blinkensisters/V0.5.4/ADDON/mz_xmas2007/Schneeflo1k_0013.png (32x32)[0m
[0;32mI (97708) drawprim: PNG: loaded /sd/blinkensisters/V0.5.4/ADDON/mz_xmas2007/Schneeflo1k_0014.png (32x32)[0m
[0;32mI (97778) drawprim: PNG: loaded /sd/blinkensisters/V0.5.4/ADDON/mz_xmas2007/Schneeflo1k_0015.png (32x32)[0m
[0;32mI (97848) drawprim: PNG: loaded /sd/blinkensisters/V0.5.4/ADDON/mz_xmas2007/Schneeflo1k_0016.png (32x32)[0m
[0;32mI (97908) drawprim: PNG: loaded /sd/blinkensisters/V0.5.4/ADDON/mz_xmas2007/Schneeflo1k_0017.png (32x32)[0m
[0;32mI (97978) drawprim: PNG: loaded /sd/blinkensisters/V0.5.4/ADDON/mz_xmas2007/Schneeflo1k_0018.png (32x32)[0m
[0;32mI (98048) drawprim: PNG: loaded /sd/blinkensisters/V0.5.4/ADDON/mz_xmas2007/Schneeflo1k_0019.png (32x32)[0m
[0;32mI (98108) drawprim: PNG: loaded /sd/blinkensisters/V0.5.4/ADDON/mz_xmas2007/Schneeflo1k_0020.png (32x32)[0m
[0;32mI (98178) drawprim: PNG: loaded /sd/blinkensisters/V0.5.4/ADDON/mz_xmas2007/Schneeflo1k_0021.png (32x32)[0m
[0;32mI (98248) drawprim: PNG: loaded /sd/blinkensisters/V0.5.4/ADDON/mz_xmas2007/Schneeflo1k_0022.png (32x32)[0m
[0;32mI (98318) drawprim: PNG: loaded /sd/blinkensisters/V0.5.4/ADDON/mz_xmas2007/Schneeflo1k_0023.png (32x32)[0m
[0;32mI (98388) drawprim: PNG: loaded /sd/blinkensisters/V0.5.4/ADDON/mz_xmas2007/Schneeflo1k_0024.png (32x32)[0m
[0;32mI (98458) drawprim: PNG: loaded /sd/blinkensisters/V0.5.4/ADDON/mz_xmas2007/Schneeflo1k_0025.png (32x32)[0m
[0;32mI (98528) drawprim: PNG: loaded /sd/blinkensisters/V0.5.4/ADDON/mz_xmas2007/Schneeflo1k_0026.png (32x32)[0m
[0;32mI (98598) drawprim: PNG: loaded /sd/blinkensisters/V0.5.4/ADDON/mz_xmas2007/Schneeflo1k_0027.png (32x32)[0m
[0;32mI (98668) drawprim: PNG: loaded /sd/blinkensisters/V0.5.4/ADDON/mz_xmas2007/Schneeflo1k_0028.png (32x32)[0m
[0;32mI (98738) drawprim: PNG: loaded /sd/blinkensisters/V0.5.4/ADDON/mz_xmas2007/Schneeflo1k_0029.png (32x32)[0m
[0;32mI (98808) drawprim: PNG: loaded /sd/blinkensisters/V0.5.4/ADDON/mz_xmas2007/Schneeflo1k_0030.png (32x32)[0m
[0;32mI (98878) drawprim: PNG: loaded /sd/blinkensisters/V0.5.4/ADDON/mz_xmas2007/Schneeflo1k_0031.png (32x32)[0m
[0;32mI (98948) drawprim: PNG: loaded /sd/blinkensisters/V0.5.4/ADDON/mz_xmas2007/Schneeflo1k_0032.png (32x32)[0m
[0;32mI (99018) drawprim: PNG: loaded /sd/blinkensisters/V0.5.4/ADDON/mz_xmas2007/Schneeflo1k_0033.png (32x32)[0m
[0;32mI (99088) drawprim: PNG: loaded /sd/blinkensisters/V0.5.4/ADDON/mz_xmas2007/Schneeflo1k_0034.png (32x32)[0m
[0;32mI (99158) drawprim: PNG: loaded /sd/blinkensisters/V0.5.4/ADDON/mz_xmas2007/Schneeflo1k_0035.png (32x32)[0m
[1;31mE (99228) cache: esp_cache_msync(103): invalid addr or null pointer[0m
[1;31mE (99228) sdmmc_cmd: sdmmc_read_sectors_dma: sdmmc_send_cmd returned 0x102, status 0x900[0m
[1;31mE (99228) diskio_sdmmc: sdmmc_read_blocks failed (0x102)[0m
[1;31mE (99228) drawprim: PNG: OOM reading /sd/blinkensisters/V0.5.4/ADDON/mz_xmas2007/Schneeflo1k_0036.png[0m
[1;31mE (99228) bserror: FATAL ERROR 102: Can't read or understand image file | /sd/blinkensisters/V0.5.4/ADDON/mz_xmas2007/Schneeflo1k_0036.png | ./main/game/fgobjects.cpp:107[0m
Freeing monster sprites...
[1;31mE (99258) selftest: [mz_xmas2007] level 4/7: FAILED in load: error 102: Can't read or understand image file | /sd/blinkensisters/V0.5.4/ADDON/mz_xmas2007/Schneeflo1k_0036.png | ./main/game/fgobjects.cpp:107[0m
[0;32mI (99258) selftest: [mz_xmas2007] level 4/7: free PSRAM 24948868, largest block 24117248, free internal 141559[0m
[0;32mI (99268) selftest: [mz_xmas2007] level 5/7: loading[0m
[0;32mI (99298) drawprim: BMP: loaded /sd/blinkensisters/V0.5.4/ADDON/mz_xmas2007/monster1_left.bmp (32x64 24bpp)[0m
[0;32mI (99318) drawprim: BMP: loaded /sd/blinkensisters/V0.5.4/ADDON/mz_xmas2007/monster1_right.bmp (32x64 24bpp)[0m
[0;32mI (99348) drawprim: BMP: loaded /sd/blinkensisters/V0.5.4/ADDON/mz_xmas2007/monster2_left.bmp (32x64 24bpp)[0m
[0;32mI (99378) drawprim: BMP: loaded /sd/blinkensisters/V0.5.4/ADDON/mz_xmas2007/monster2_right.bmp (32x64 24bpp)[0m
[0;32mI (99408) drawprim: BMP: loaded /sd/blinkensisters/V0.5.4/ADDON/mz_xmas2007/monster3_left.bmp (32x64 24bpp)[0m
[0;32mI (99438) drawprim: BMP: loaded /sd/blinkensisters/V0.5.4/ADDON/mz_xmas2007/monster3_right.bmp (32x64 24bpp)[0m
[0;32mI (99468) drawprim: BMP: loaded /sd/blinkensisters/V0.5.4/ADDON/mz_xmas2007/monster4_left.bmp (32x64 24bpp)[0m
[0;32mI (99498) drawprim: BMP: loaded /sd/blinkensisters/V0.5.4/ADDON/mz_xmas2007/monster4_right.bmp (32x64 24bpp)[0m
[0;32mI (99528) drawprim: BMP: loaded /sd/blinkensisters/V0.5.4/ADDON/mz_xmas2007/monster5_left.bmp (32x128 24bpp)[0m
[0;32mI (99568) drawprim: BMP: loaded /sd/blinkensisters/V0.5.4/ADDON/mz_xmas2007/monster5_right.bmp (32x128 24bpp)[0m
[0;33mW (99708) drawprim: BMP: cannot open /sd/blinkensisters/V0.5.4/ADDON/mz_xmas2007/sister_movenone.bmp[0m
Warning: Can't load FgObjGFX 'sister_movenone.bmp' - ignored!
[0;32mI (99808) drawprim: BMP: loaded /sd/blinkensisters/V0.5.4/ADDON/mz_xmas2007/sister_moveleft.bmp (32x64 24bpp)[0m
[0;33mW (99938) drawprim: BMP: cannot open /sd/blinkensisters/V0.5.4/ADDON/mz_xmas2007/sister_moveleftup.bmp[0m
Warning: Can't load FgObjGFX 'sister_moveleftup.bmp' - ignored!
[0;33mW (100058) drawprim: BMP: cannot open /sd/blinkensisters/V0.5.4/ADDON/mz_xmas2007/sister_moveleftdown.bmp[0m
Warning: Can't load FgObjGFX 'sister_moveleftdown.bmp' - ignored!
[0;32mI (100168) drawprim: BMP: loaded /sd/blinkensisters/V0.5.4/ADDON/mz_xmas2007/sister_moveright.bmp (32x64 24bpp)[0m
[0;33mW (100298) drawprim: BMP: cannot open /sd/blinkensisters/V0.5.4/ADDON/mz_xmas2007/sister_moverightup.bmp[0m
Warning: Can't load FgObjGFX 'sister_moverightup.bmp' - ignored!
[0;33mW (100418) drawprim: BMP: cannot open /sd/blinkensisters/V0.5.4/ADDON/mz_xmas2007/sister_moverightdown.bmp[0m
Warning: Can't load FgObjGFX 'sister_moverightdown.bmp' - ignored!
[0;33mW (100548) drawprim: BMP: cannot open /sd/blinkensisters/V0.5.4/ADDON/mz_xmas2007/sister_moveup.bmp[0m
Warning: Can't load FgObjGFX 'sister_moveup.bmp' - ignored!
[0;33mW (100678) drawprim: BMP: cannot open /sd/blinkensisters/V0.5.4/ADDON/mz_xmas2007/sister_movedown.bmp[0m
Warning: Can't load FgObjGFX 'sister_movedown.bmp' - ignored!
[0;32mI (101228) drawprim: JPEG: /sd/blinkensisters/V0.5.4/ADDON/mz_xmas2007/level5.jpg 3488x736 (mcu 16x16, padded 3488x736), need 7701504 bytes[0m
[0;32mI (101828) drawprim: JPEG: loaded /sd/blinkensisters/V0.5.4/ADDON/mz_xmas2007/level5.jpg (3488x736)[0m
[0;32mI (101948) drawprim: BMP: loaded /sd/blinkensisters/V0.5.4/ADDON/mz_xmas2007/snowtiles.bmp (32x160 24bpp)[0m
Init Tiles2D
Number of tile objects: 1482
Starting script for Level0 in BlinkenLUA / Lua 5.0.2!
[0;32mI (102068) drawprim: PNG: loaded /sd/blinkensisters/V0.5.4/ADDON/mz_xmas2007/Schneeflo1k_0000.png (32x32)[0m
[0;32mI (102128) drawprim: PNG: loaded /sd/blinkensisters/V0.5.4/ADDON/mz_xmas2007/Schneeflo1k_0001.png (32x32)[0m
[0;32mI (102188) drawprim: PNG: loaded /sd/blinkensisters/V0.5.4/ADDON/mz_xmas2007/Schneeflo1k_0002.png (32x32)[0m
[0;32mI (102258) drawprim: PNG: loaded /sd/blinkensisters/V0.5.4/ADDON/mz_xmas2007/Schneeflo1k_0003.png (32x32)[0m
[0;32mI (102318) drawprim: PNG: loaded /sd/blinkensisters/V0.5.4/ADDON/mz_xmas2007/Schneeflo1k_0004.png (32x32)[0m
[0;32mI (102388) drawprim: PNG: loaded /sd/blinkensisters/V0.5.4/ADDON/mz_xmas2007/Schneeflo1k_0005.png (32x32)[0m
[0;32mI (102458) drawprim: PNG: loaded /sd/blinkensisters/V0.5.4/ADDON/mz_xmas2007/Schneeflo1k_0006.png (32x32)[0m
[0;32mI (102528) drawprim: PNG: loaded /sd/blinkensisters/V0.5.4/ADDON/mz_xmas2007/Schneeflo1k_0007.png (32x32)[0m
[0;32mI (102588) drawprim: PNG: loaded /sd/blinkensisters/V0.5.4/ADDON/mz_xmas2007/Schneeflo1k_0008.png (32x32)[0m
[0;32mI (102658) drawprim: PNG: loaded /sd/blinkensisters/V0.5.4/ADDON/mz_xmas2007/Schneeflo1k_0009.png (32x32)[0m
[0;32mI (102718) drawprim: PNG: loaded /sd/blinkensisters/V0.5.4/ADDON/mz_xmas2007/Schneeflo1k_0010.png (32x32)[0m
[0;32mI (102788) drawprim: PNG: loaded /sd/blinkensisters/V0.5.4/ADDON/mz_xmas2007/Schneeflo1k_0011.png (32x32)[0m
[0;32mI (102848) drawprim: PNG: loaded /sd/blinkensisters/V0.5.4/ADDON/mz_xmas2007/Schneeflo1k_0012.png (32x32)[0m
[1;31mE (102908) cache: esp_cache_msync(103): invalid addr or null pointer[0m
[1;31mE (102908) sdmmc_cmd: sdmmc_read_sectors_dma: sdmmc_send_cmd returned 0x102, status 0x900[0m
[1;31mE (102908) diskio_sdmmc: sdmmc_read_blocks failed (0x102)[0m
[1;31mE (102908) drawprim: PNG: OOM reading /sd/blinkensisters/V0.5.4/ADDON/mz_xmas2007/Schneeflo1k_0013.png[0m
[1;31mE (102908) bserror: FATAL ERROR 102: Can't read or understand image file | /sd/blinkensisters/V0.5.4/ADDON/mz_xmas2007/Schneeflo1k_0013.png | ./main/game/fgobjects.cpp:107[0m
Freeing monster sprites...
[1;31mE (102948) selftest: [mz_xmas2007] level 5/7: FAILED in load: error 102: Can't read or understand image file | /sd/blinkensisters/V0.5.4/ADDON/mz_xmas2007/Schneeflo1k_0013.png | ./main/game/fgobjects.cpp:107[0m
[0;32mI (102948) selftest: [mz_xmas2007] level 5/7: free PSRAM 24948868, largest block 24117248, free internal 141559[0m
[0;32mI (102948) selftest: [mz_xmas2007] level 6/7: loading[0m
[0;32mI (102978) drawprim: BMP: loaded /sd/blinkensisters/V0.5.4/ADDON/mz_xmas2007/monster1_left.bmp (32x64 24bpp)[0m
[0;32mI (103008) drawprim: BMP: loaded /sd/blinkensisters/V0.5.4/ADDON/mz_xmas2007/monster1_right.bmp (32x64 24bpp)[0m
[0;32mI (103038) drawprim: BMP: loaded /sd/blinkensisters/V0.5.4/ADDON/mz_xmas2007/monster2_left.bmp (32x64 24bpp)[0m
[0;32mI (103068) drawprim: BMP: loaded /sd/blinkensisters/V0.5.4/ADDON/mz_xmas2007/monster2_right.bmp (32x64 24bpp)[0m
[0;32mI (103098) drawprim: BMP: loaded /sd/blinkensisters/V0.5.4/ADDON/mz_xmas2007/monster3_left.bmp (32x64 24bpp)[0m
[0;32mI (103128) drawprim: BMP: loaded /sd/blinkensisters/V0.5.4/ADDON/mz_xmas2007/monster3_right.bmp (32x64 24bpp)[0m
[0;32mI (103158) drawprim: BMP: loaded /sd/blinkensisters/V0.5.4/ADDON/mz_xmas2007/monster4_left.bmp (32x64 24bpp)[0m
[0;32mI (103188) drawprim: BMP: loaded /sd/blinkensisters/V0.5.4/ADDON/mz_xmas2007/monster4_right.bmp (32x64 24bpp)[0m
[0;32mI (103218) drawprim: BMP: loaded /sd/blinkensisters/V0.5.4/ADDON/mz_xmas2007/monster5_left.bmp (32x128 24bpp)[0m
[0;32mI (103258) drawprim: BMP: loaded /sd/blinkensisters/V0.5.4/ADDON/mz_xmas2007/monster5_right.bmp (32x128 24bpp)[0m
[0;33mW (103398) drawprim: BMP: cannot open /sd/blinkensisters/V0.5.4/ADDON/mz_xmas2007/sister_movenone.bmp[0m
Warning: Can't load FgObjGFX 'sister_movenone.bmp' - ignored!
[0;32mI (103498) drawprim: BMP: loaded /sd/blinkensisters/V0.5.4/ADDON/mz_xmas2007/sister_moveleft.bmp (32x64 24bpp)[0m
[0;33mW (103628) drawprim: BMP: cannot open /sd/blinkensisters/V0.5.4/ADDON/mz_xmas2007/sister_moveleftup.bmp[0m
Warning: Can't load FgObjGFX 'sister_moveleftup.bmp' - ignored!
[0;33mW (103748) drawprim: BMP: cannot open /sd/blinkensisters/V0.5.4/ADDON/mz_xmas2007/sister_moveleftdown.bmp[0m
Warning: Can't load FgObjGFX 'sister_moveleftdown.bmp' - ignored!
[0;32mI (103858) drawprim: BMP: loaded /sd/blinkensisters/V0.5.4/ADDON/mz_xmas2007/sister_moveright.bmp (32x64 24bpp)[0m
[0;33mW (103988) drawprim: BMP: cannot open /sd/blinkensisters/V0.5.4/ADDON/mz_xmas2007/sister_moverightup.bmp[0m
Warning: Can't load FgObjGFX 'sister_moverightup.bmp' - ignored!
[0;33mW (104108) drawprim: BMP: cannot open /sd/blinkensisters/V0.5.4/ADDON/mz_xmas2007/sister_moverightdown.bmp[0m
Warning: Can't load FgObjGFX 'sister_moverightdown.bmp' - ignored!
[0;33mW (104238) drawprim: BMP: cannot open /sd/blinkensisters/V0.5.4/ADDON/mz_xmas2007/sister_moveup.bmp[0m
Warning: Can't load FgObjGFX 'sister_moveup.bmp' - ignored!
[0;33mW (104368) drawprim: BMP: cannot open /sd/blinkensisters/V0.5.4/ADDON/mz_xmas2007/sister_movedown.bmp[0m
Warning: Can't load FgObjGFX 'sister_movedown.bmp' - ignored!
[0;32mI (104728) drawprim: JPEG: /sd/blinkensisters/V0.5.4/ADDON/mz_xmas2007/level6.jpg 2528x768 (mcu 16x16, padded 2528x768), need 5824512 bytes[0m
[0;32mI (105178) drawprim: JPEG: loaded /sd/blinkensisters/V0.5.4/ADDON/mz_xmas2007/level6.jpg (2528x768)[0m
[0;32mI (105298) drawprim: BMP: loaded /sd/blinkensisters/V0.5.4/ADDON/mz_xmas2007/snowtiles.bmp (32x160 24bpp)[0m
Init Tiles2D
Number of tile objects: 308
Starting script for Level0 in BlinkenLUA / Lua 5.0.2!
[0;32mI (105448) drawprim: PNG: loaded /sd/blinkensisters/V0.5.4/ADDON/mz_xmas2007/Schneeflo1k_0000.png (32x32)[0m
[0;32mI (105508) drawprim: PNG: loaded /sd/blinkensisters/V0.5.4/ADDON/mz_xmas2007/Schneeflo1k_0001.png (32x32)[0m
[0;32mI (105578) drawprim: PNG: loaded /sd/blinkensisters/V0.5.4/ADDON/mz_xmas2007/Schneeflo1k_0002.png (32x32)[0m
[0;32mI (105638) drawprim: PNG: loaded /sd/blinkensisters/V0.5.4/ADDON/mz_xmas2007/Schneeflo1k_0003.png (32x32)[0m
[0;32mI (105698) drawprim: PNG: loaded /sd/blinkensisters/V0.5.4/ADDON/mz_xmas2007/Schneeflo1k_0004.png (32x32)[0m
[0;32mI (105768) drawprim: PNG: loaded /sd/blinkensisters/V0.5.4/ADDON/mz_xmas2007/Schneeflo1k_0005.png (32x32)[0m
[0;32mI (105838) drawprim: PNG: loaded /sd/blinkensisters/V0.5.4/ADDON/mz_xmas2007/Schneeflo1k_0006.png (32x32)[0m
[0;32mI (105898) drawprim: PNG: loaded /sd/blinkensisters/V0.5.4/ADDON/mz_xmas2007/Schneeflo1k_0007.png (32x32)[0m
[0;32mI (105968) drawprim: PNG: loaded /sd/blinkensisters/V0.5.4/ADDON/mz_xmas2007/Schneeflo1k_0008.png (32x32)[0m
[0;32mI (106028) drawprim: PNG: loaded /sd/blinkensisters/V0.5.4/ADDON/mz_xmas2007/Schneeflo1k_0009.png (32x32)[0m
[0;32mI (106098) drawprim: PNG: loaded /sd/blinkensisters/V0.5.4/ADDON/mz_xmas2007/Schneeflo1k_0010.png (32x32)[0m
[0;32mI (106158) drawprim: PNG: loaded /sd/blinkensisters/V0.5.4/ADDON/mz_xmas2007/Schneeflo1k_0011.png (32x32)[0m
[0;32mI (106228) drawprim: PNG: loaded /sd/blinkensisters/V0.5.4/ADDON/mz_xmas2007/Schneeflo1k_0012.png (32x32)[0m
[0;32mI (106288) drawprim: PNG: loaded /sd/blinkensisters/V0.5.4/ADDON/mz_xmas2007/Schneeflo1k_0013.png (32x32)[0m
[0;32mI (106348) drawprim: PNG: loaded /sd/blinkensisters/V0.5.4/ADDON/mz_xmas2007/Schneeflo1k_0014.png (32x32)[0m
[0;32mI (106428) drawprim: PNG: loaded /sd/blinkensisters/V0.5.4/ADDON/mz_xmas2007/Schneeflo1k_0015.png (32x32)[0m
[0;32mI (106488) drawprim: PNG: loaded /sd/blinkensisters/V0.5.4/ADDON/mz_xmas2007/Schneeflo1k_0016.png (32x32)[0m
[0;32mI (106558) drawprim: PNG: loaded /sd/blinkensisters/V0.5.4/ADDON/mz_xmas2007/Schneeflo1k_0017.png (32x32)[0m
[0;32mI (106618) drawprim: PNG: loaded /sd/blinkensisters/V0.5.4/ADDON/mz_xmas2007/Schneeflo1k_0018.png (32x32)[0m
[0;32mI (106688) drawprim: PNG: loaded /sd/blinkensisters/V0.5.4/ADDON/mz_xmas2007/Schneeflo1k_0019.png (32x32)[0m
[0;32mI (106758) drawprim: PNG: loaded /sd/blinkensisters/V0.5.4/ADDON/mz_xmas2007/Schneeflo1k_0020.png (32x32)[0m
[0;32mI (106828) drawprim: PNG: loaded /sd/blinkensisters/V0.5.4/ADDON/mz_xmas2007/Schneeflo1k_0021.png (32x32)[0m
[0;32mI (106888) drawprim: PNG: loaded /sd/blinkensisters/V0.5.4/ADDON/mz_xmas2007/Schneeflo1k_0022.png (32x32)[0m
[0;32mI (106968) drawprim: PNG: loaded /sd/blinkensisters/V0.5.4/ADDON/mz_xmas2007/Schneeflo1k_0023.png (32x32)[0m
[0;32mI (107038) drawprim: PNG: loaded /sd/blinkensisters/V0.5.4/ADDON/mz_xmas2007/Schneeflo1k_0024.png (32x32)[0m
[0;32mI (107108) drawprim: PNG: loaded /sd/blinkensisters/V0.5.4/ADDON/mz_xmas2007/Schneeflo1k_0025.png (32x32)[0m
[0;32mI (107178) drawprim: PNG: loaded /sd/blinkensisters/V0.5.4/ADDON/mz_xmas2007/Schneeflo1k_0026.png (32x32)[0m
[0;32mI (107248) drawprim: PNG: loaded /sd/blinkensisters/V0.5.4/ADDON/mz_xmas2007/Schneeflo1k_0027.png (32x32)[0m
[0;32mI (107318) drawprim: PNG: loaded /sd/blinkensisters/V0.5.4/ADDON/mz_xmas2007/Schneeflo1k_0028.png (32x32)[0m
[0;32mI (107388) drawprim: PNG: loaded /sd/blinkensisters/V0.5.4/ADDON/mz_xmas2007/Schneeflo1k_0029.png (32x32)[0m
[1;31mE (107448) cache: esp_cache_msync(103): invalid addr or null pointer[0m
[1;31mE (107448) sdmmc_cmd: sdmmc_read_sectors_dma: sdmmc_send_cmd returned 0x102, status 0x900[0m
[1;31mE (107448) diskio_sdmmc: sdmmc_read_blocks failed (0x102)[0m
[1;31mE (107448) drawprim: PNG: OOM reading /sd/blinkensisters/V0.5.4/ADDON/mz_xmas2007/Schneeflo1k_0030.png[0m
[1;31mE (107448) bserror: FATAL ERROR 102: Can't read or understand image file | /sd/blinkensisters/V0.5.4/ADDON/mz_xmas2007/Schneeflo1k_0030.png | ./main/game/fgobjects.cpp:107[0m
Freeing monster sprites...
[1;31mE (107488) selftest: [mz_xmas2007] level 6/7: FAILED in load: error 102: Can't read or understand image file | /sd/blinkensisters/V0.5.4/ADDON/mz_xmas2007/Schneeflo1k_0030.png | ./main/game/fgobjects.cpp:107[0m
[0;32mI (107488) selftest: [mz_xmas2007] level 6/7: free PSRAM 24948868, largest block 24117248, free internal 141559[0m
[0;32mI (107488) selftest: [mz_xmas2007] level 7/7: loading[0m
[0;32mI (107518) drawprim: BMP: loaded /sd/blinkensisters/V0.5.4/ADDON/mz_xmas2007/monster1_left.bmp (32x64 24bpp)[0m
[0;32mI (107548) drawprim: BMP: loaded /sd/blinkensisters/V0.5.4/ADDON/mz_xmas2007/monster1_right.bmp (32x64 24bpp)[0m
[0;32mI (107578) drawprim: BMP: loaded /sd/blinkensisters/V0.5.4/ADDON/mz_xmas2007/monster2_left.bmp (32x64 24bpp)[0m
[0;32mI (107608) drawprim: BMP: loaded /sd/blinkensisters/V0.5.4/ADDON/mz_xmas2007/monster2_right.bmp (32x64 24bpp)[0m
[0;32mI (107638) drawprim: BMP: loaded /sd/blinkensisters/V0.5.4/ADDON/mz_xmas2007/monster3_left.bmp (32x64 24bpp)[0m
[0;32mI (107658) drawprim: BMP: loaded /sd/blinkensisters/V0.5.4/ADDON/mz_xmas2007/monster3_right.bmp (32x64 24bpp)[0m
[0;32mI (107688) drawprim: BMP: loaded /sd/blinkensisters/V0.5.4/ADDON/mz_xmas2007/monster4_left.bmp (32x64 24bpp)[0m
[0;32mI (107718) drawprim: BMP: loaded /sd/blinkensisters/V0.5.4/ADDON/mz_xmas2007/monster4_right.bmp (32x64 24bpp)[0m
[0;32mI (107758) drawprim: BMP: loaded /sd/blinkensisters/V0.5.4/ADDON/mz_xmas2007/monster5_left.bmp (32x128 24bpp)[0m
[0;32mI (107788) drawprim: BMP: loaded /sd/blinkensisters/V0.5.4/ADDON/mz_xmas2007/monster5_right.bmp (32x128 24bpp)[0m
[0;33mW (107928) drawprim: BMP: cannot open /sd/blinkensisters/V0.5.4/ADDON/mz_xmas2007/sister_movenone.bmp[0m
Warning: Can't load FgObjGFX 'sister_movenone.bmp' - ignored!
[0;32mI (108028) drawprim: BMP: loaded /sd/blinkensisters/V0.5.4/ADDON/mz_xmas2007/sister_moveleft.bmp (32x64 24bpp)[0m
[0;33mW (108158) drawprim: BMP: cannot open /sd/blinkensisters/V0.5.4/ADDON/mz_xmas2007/sister_moveleftup.bmp[0m
Warning: Can't load FgObjGFX 'sister_moveleftup.bmp' - ignored!
[0;33mW (108288) drawprim: BMP: cannot open /sd/blinkensisters/V0.5.4/ADDON/mz_xmas2007/sister_moveleftdown.bmp[0m
Warning: Can't load FgObjGFX 'sister_moveleftdown.bmp' - ignored!
[0;32mI (108388) drawprim: BMP: loaded /sd/blinkensisters/V0.5.4/ADDON/mz_xmas2007/sister_moveright.bmp (32x64 24bpp)[0m
[0;33mW (108518) drawprim: BMP: cannot open /sd/blinkensisters/V0.5.4/ADDON/mz_xmas2007/sister_moverightup.bmp[0m
Warning: Can't load FgObjGFX 'sister_moverightup.bmp' - ignored!
[0;33mW (108648) drawprim: BMP: cannot open /sd/blinkensisters/V0.5.4/ADDON/mz_xmas2007/sister_moverightdown.bmp[0m
Warning: Can't load FgObjGFX 'sister_moverightdown.bmp' - ignored!
[0;33mW (108778) drawprim: BMP: cannot open /sd/blinkensisters/V0.5.4/ADDON/mz_xmas2007/sister_moveup.bmp[0m
Warning: Can't load FgObjGFX 'sister_moveup.bmp' - ignored!
[0;33mW (108898) drawprim: BMP: cannot open /sd/blinkensisters/V0.5.4/ADDON/mz_xmas2007/sister_movedown.bmp[0m
Warning: Can't load FgObjGFX 'sister_movedown.bmp' - ignored!
[0;32mI (109258) drawprim: JPEG: /sd/blinkensisters/V0.5.4/ADDON/mz_xmas2007/level7.jpg 2528x768 (mcu 16x16, padded 2528x768), need 5824512 bytes[0m
[0;32mI (109708) drawprim: JPEG: loaded /sd/blinkensisters/V0.5.4/ADDON/mz_xmas2007/level7.jpg (2528x768)[0m
[0;32mI (109818) drawprim: BMP: loaded /sd/blinkensisters/V0.5.4/ADDON/mz_xmas2007/snowtiles.bmp (32x160 24bpp)[0m
Init Tiles2D
Number of tile objects: 294
Starting script for Level0 in BlinkenLUA / Lua 5.0.2!
[0;32mI (109948) drawprim: PNG: loaded /sd/blinkensisters/V0.5.4/ADDON/mz_xmas2007/Schneeflo1k_0000.png (32x32)[0m
[0;32mI (110008) drawprim: PNG: loaded /sd/blinkensisters/V0.5.4/ADDON/mz_xmas2007/Schneeflo1k_0001.png (32x32)[0m
[0;32mI (110078) drawprim: PNG: loaded /sd/blinkensisters/V0.5.4/ADDON/mz_xmas2007/Schneeflo1k_0002.png (32x32)[0m
[0;32mI (110138) drawprim: PNG: loaded /sd/blinkensisters/V0.5.4/ADDON/mz_xmas2007/Schneeflo1k_0003.png (32x32)[0m
[0;32mI (110198) drawprim: PNG: loaded /sd/blinkensisters/V0.5.4/ADDON/mz_xmas2007/Schneeflo1k_0004.png (32x32)[0m
[0;32mI (110268) drawprim: PNG: loaded /sd/blinkensisters/V0.5.4/ADDON/mz_xmas2007/Schneeflo1k_0005.png (32x32)[0m
[0;32mI (110328) drawprim: PNG: loaded /sd/blinkensisters/V0.5.4/ADDON/mz_xmas2007/Schneeflo1k_0006.png (32x32)[0m
[0;32mI (110398) drawprim: PNG: loaded /sd/blinkensisters/V0.5.4/ADDON/mz_xmas2007/Schneeflo1k_0007.png (32x32)[0m
[0;32mI (110458) drawprim: PNG: loaded /sd/blinkensisters/V0.5.4/ADDON/mz_xmas2007/Schneeflo1k_0008.png (32x32)[0m
[0;32mI (110528) drawprim: PNG: loaded /sd/blinkensisters/V0.5.4/ADDON/mz_xmas2007/Schneeflo1k_0009.png (32x32)[0m
[0;32mI (110588) drawprim: PNG: loaded /sd/blinkensisters/V0.5.4/ADDON/mz_xmas2007/Schneeflo1k_0010.png (32x32)[0m
[0;32mI (110658) drawprim: PNG: loaded /sd/blinkensisters/V0.5.4/ADDON/mz_xmas2007/Schneeflo1k_0011.png (32x32)[0m
[0;32mI (110718) drawprim: PNG: loaded /sd/blinkensisters/V0.5.4/ADDON/mz_xmas2007/Schneeflo1k_0012.png (32x32)[0m
[0;32mI (110778) drawprim: PNG: loaded /sd/blinkensisters/V0.5.4/ADDON/mz_xmas2007/Schneeflo1k_0013.png (32x32)[0m
[0;32mI (110848) drawprim: PNG: loaded /sd/blinkensisters/V0.5.4/ADDON/mz_xmas2007/Schneeflo1k_0014.png (32x32)[0m
[0;32mI (110908) drawprim: PNG: loaded /sd/blinkensisters/V0.5.4/ADDON/mz_xmas2007/Schneeflo1k_0015.png (32x32)[0m
[0;32mI (110978) drawprim: PNG: loaded /sd/blinkensisters/V0.5.4/ADDON/mz_xmas2007/Schneeflo1k_0016.png (32x32)[0m
[0;32mI (111038) drawprim: PNG: loaded /sd/blinkensisters/V0.5.4/ADDON/mz_xmas2007/Schneeflo1k_0017.png (32x32)[0m
[0;32mI (111108) drawprim: PNG: loaded /sd/blinkensisters/V0.5.4/ADDON/mz_xmas2007/Schneeflo1k_0018.png (32x32)[0m
[0;32mI (111178) drawprim: PNG: loaded /sd/blinkensisters/V0.5.4/ADDON/mz_xmas2007/Schneeflo1k_0019.png (32x32)[0m
[0;32mI (111248) drawprim: PNG: loaded /sd/blinkensisters/V0.5.4/ADDON/mz_xmas2007/Schneeflo1k_0020.png (32x32)[0m
[0;32mI (111308) drawprim: PNG: loaded /sd/blinkensisters/V0.5.4/ADDON/mz_xmas2007/Schneeflo1k_0021.png (32x32)[0m
[0;32mI (111378) drawprim: PNG: loaded /sd/blinkensisters/V0.5.4/ADDON/mz_xmas2007/Schneeflo1k_0022.png (32x32)[0m
[0;32mI (111448) drawprim: PNG: loaded /sd/blinkensisters/V0.5.4/ADDON/mz_xmas2007/Schneeflo1k_0023.png (32x32)[0m
[0;32mI (111518) drawprim: PNG: loaded /sd/blinkensisters/V0.5.4/ADDON/mz_xmas2007/Schneeflo1k_0024.png (32x32)[0m
[0;32mI (111588) drawprim: PNG: loaded /sd/blinkensisters/V0.5.4/ADDON/mz_xmas2007/Schneeflo1k_0025.png (32x32)[0m
[0;32mI (111648) drawprim: PNG: loaded /sd/blinkensisters/V0.5.4/ADDON/mz_xmas2007/Schneeflo1k_0026.png (32x32)[0m
[0;32mI (111718) drawprim: PNG: loaded /sd/blinkensisters/V0.5.4/ADDON/mz_xmas2007/Schneeflo1k_0027.png (32x32)[0m
[0;32mI (111788) drawprim: PNG: loaded /sd/blinkensisters/V0.5.4/ADDON/mz_xmas2007/Schneeflo1k_0028.png (32x32)[0m
[0;32mI (111858) drawprim: PNG: loaded /sd/blinkensisters/V0.5.4/ADDON/mz_xmas2007/Schneeflo1k_0029.png (32x32)[0m
[0;32mI (111928) drawprim: PNG: loaded /sd/blinkensisters/V0.5.4/ADDON/mz_xmas2007/Schneeflo1k_0030.png (32x32)[0m
[0;32mI (111998) drawprim: PNG: loaded /sd/blinkensisters/V0.5.4/ADDON/mz_xmas2007/Schneeflo1k_0031.png (32x32)[0m
[0;32mI (112068) drawprim: PNG: loaded /sd/blinkensisters/V0.5.4/ADDON/mz_xmas2007/Schneeflo1k_0032.png (32x32)[0m
[0;32mI (112138) drawprim: PNG: loaded /sd/blinkensisters/V0.5.4/ADDON/mz_xmas2007/Schneeflo1k_0033.png (32x32)[0m
[0;32mI (112208) drawprim: PNG: loaded /sd/blinkensisters/V0.5.4/ADDON/mz_xmas2007/Schneeflo1k_0034.png (32x32)[0m
[1;31mE (112268) cache: esp_cache_msync(103): invalid addr or null pointer[0m
[1;31mE (112268) sdmmc_cmd: sdmmc_read_sectors_dma: sdmmc_send_cmd returned 0x102, status 0x900[0m
[1;31mE (112268) diskio_sdmmc: sdmmc_read_blocks failed (0x102)[0m
[1;31mE (112268) drawprim: PNG: OOM reading /sd/blinkensisters/V0.5.4/ADDON/mz_xmas2007/Schneeflo1k_0035.png[0m
[1;31mE (112278) bserror: FATAL ERROR 102: Can't read or understand image file | /sd/blinkensisters/V0.5.4/ADDON/mz_xmas2007/Schneeflo1k_0035.png | ./main/game/fgobjects.cpp:107[0m
Freeing monster sprites...
[1;31mE (112308) selftest: [mz_xmas2007] level 7/7: FAILED in load: error 102: Can't read or understand image file | /sd/blinkensisters/V0.5.4/ADDON/mz_xmas2007/Schneeflo1k_0035.png | ./main/game/fgobjects.cpp:107[0m
[0;32mI (112308) selftest: [mz_xmas2007] level 7/7: free PSRAM 24948868, largest block 24117248, free internal 141031[0m
addon: 
[0;32mI (112358) drawprim: JPEG: /sd/blinkensisters/V0.5.4/loading.jpg 640x480 (mcu 8x8, padded 640x480), need 921600 bytes[0m
[0;32mI (112428) drawprim: JPEG: loaded /sd/blinkensisters/V0.5.4/loading.jpg (640x480)[0m
[0;32mI (112768) drawprim: Fullscreen: stretched /sd/blinkensisters/V0.5.4/loading.jpg from 640x480 to 800x480[0m
[0;32mI (112808) selftest: ==== SELF-TEST SUMMARY: 43 level(s) in 7 addon(s): 0 OK, 28 with warnings, 15 failed ====[0m
[0;33mW (112808) selftest:   [24c3] level 1: 8 warning/error log line(s), first: W (14308) drawprim: BMP: cannot open /sd/blinkensisters/V0.5.4/ADDON/24c3/sister_movenone.bmp[0m
[0;33mW (112808) selftest:   [24c3] level 2: 9 warning/error log line(s), first: W (14928) drawprim: BMP: cannot open /sd/blinkensisters/V0.5.4/ADDON/24c3/sister_movenone.bmp[0m
[0;33mW (112808) selftest:   [LostPixels] level 1: 7 warning/error log line(s), first: W (17278) drawprim: BMP: cannot open /sd/blinkensisters/V0.5.4/ADDON/LostPixels/sister_movenone.bmp[0m
[0;33mW (112808) selftest:   [LostPixels] level 2: 7 warning/error log line(s), first: W (18988) drawprim: BMP: cannot open /sd/blinkensisters/V0.5.4/ADDON/LostPixels/sister_movenone.bmp[0m
[0;33mW (112808) selftest:   [LostPixels] level 3: 8 warning/error log line(s), first: W (20088) drawprim: BMP: cannot open /sd/blinkensisters/V0.5.4/ADDON/LostPixels/sister_movenone.bmp[0m
[0;33mW (112808) selftest:   [LostPixels] level 4: 7 warning/error log line(s), first: W (21638) drawprim: BMP: cannot open /sd/blinkensisters/V0.5.4/ADDON/LostPixels/sister_movenone.bmp[0m
[0;33mW (112808) selftest:   [LostPixels] level 5: 9 warning/error log line(s), first: W (22808) drawprim: BMP: cannot open /sd/blinkensisters/V0.5.4/ADDON/LostPixels/sister_movenone.bmp[0m
[1;31mE (112818) selftest:   [LostPixels] level 6: FAILED in load: error 102: Can't read or understand image file | /sd/blinkensisters/V0.5.4/ADDON/LostPixels/level6.jpg | ./main/shared/drawprimitives.cpp:538[0m
[0;33mW (112818) selftest:   [LostPixels] level 7: 7 warning/error log line(s), first: W (25618) drawprim: BMP: cannot open /sd/blinkensisters/V0.5.4/ADDON/LostPixels/sister_movenone.bmp[0m
[1;31mE (112818) selftest:   [LostPixels] level 8: FAILED in load: error 102: Can't read or understand image file | /sd/blinkensisters/V0.5.4/ADDON/LostPixels/level6.jpg | ./main/shared/drawprimitives.cpp:538[0m
[0;33mW (112818) selftest:   [LostPixels] level 9: 9 warning/error log line(s), first: W (27638) drawprim: BMP: cannot open /sd/blinkensisters/V0.5.4/ADDON/LostPixels/sister_movenone.bmp[0m
[0;33mW (112818) selftest:   [LostPixels] level 10: 7 warning/error log line(s), first: W (28758) drawprim: BMP: cannot open /sd/blinkensisters/V0.5.4/ADDON/LostPixels/sister_movenone.bmp[0m
[0;33mW (112818) selftest:   [LostPixels] level 11: 8 warning/error log line(s), first: W (30298) drawprim: BMP: cannot open /sd/blinkensisters/V0.5.4/ADDON/LostPixels/sister_movenone.bmp[0m
[1;31mE (112818) selftest:   [LostPixels] level 12: FAILED in load: error 102: Can't read or understand image file | /sd/blinkensisters/V0.5.4/ADDON/LostPixels/fg_door_closed.bmp | ./main/game/fgobjects.cpp:107[0m
[0;33mW (112818) selftest:   [LostPixels] level 13: 8 warning/error log line(s), first: W (32728) drawprim: BMP: cannot open /sd/blinkensisters/V0.5.4/ADDON/LostPixels/sister_movenone.bmp[0m
[1;31mE (112818) selftest:   [LostPixels] level 14: FAILED in load: error 102: Can't read or understand image file | /sd/blinkensisters/V0.5.4/ADDON/LostPixels/wormhole64x64_0001.gif | ./main/game/fgobjects.cpp:107[0m
[1;31mE (112818) selftest:   [LostPixels] level 15: FAILED in load: error 102: Can't read or understand image file | /sd/blinkensisters/V0.5.4/ADDON/LostPixels/wormhole64x64_0001.gif | ./main/game/fgobjects.cpp:107[0m
[0;33mW (112818) selftest:   [LostPixels] level 16: 11 warning/error log line(s), first: W (37318) drawprim: BMP: cannot open /sd/blinkensisters/V0.5.4/ADDON/LostPixels/sister_movenone.bmp[0m
[0;33mW (112818) selftest:   [LostPixels] level 17: 7 warning/error log line(s), first: W (38968) drawprim: BMP: cannot open /sd/blinkensisters/V0.5.4/ADDON/LostPixels/sister_movenone.bmp[0m
[0;33mW (112818) selftest:   [LostPixels] level 18: 12 warning/error log line(s), first: W (40318) drawprim: BMP: cannot open /sd/blinkensisters/V0.5.4/ADDON/LostPixels/sister_movenone.bmp[0m
[0;33mW (112818) selftest:   [LostPixels] level 19: 7 warning/error log line(s), first: W (42618) drawprim: BMP: cannot open /sd/blinkensisters/V0.5.4/ADDON/LostPixels/sister_movenone.bmp[0m
[1;31mE (112818) selftest:   [LostPixels] level 20: FAILED in load: error 102: Can't read or understand image file | /sd/blinkensisters/V0.5.4/ADDON/LostPixels/wormhole64x64_0001.gif | ./main/game/fgobjects.cpp:107[0m
[0;33mW (112818) selftest:   [LostPixels] level 21: 7 warning/error log line(s), first: W (44408) drawprim: BMP: cannot open /sd/blinkensisters/V0.5.4/ADDON/LostPixels/sister_movenone.bmp[0m
[0;33mW (112818) selftest:   [Icy] level 1: 7 warning/error log line(s), first: W (47428) drawprim: BMP: cannot open /sd/blinkensisters/V0.5.4/ADDON/Icy/sister_movenone.bmp[0m
[0;33mW (112818) selftest:   [Icy] level 2: 7 warning/error log line(s), first: W (50758) drawprim: BMP: cannot open /sd/blinkensisters/V0.5.4/ADDON/Icy/sister_movenone.bmp[0m
[0;33mW (112818) selftest:   [Icy] level 3: 8 warning/error log line(s), first: W (53508) drawprim: BMP: cannot open /sd/blinkensisters/V0.5.4/ADDON/Icy/sister_movenone.bmp[0m
[0;33mW (112818) selftest:   [Icy] level 4: 7 warning/error log line(s), first: W (55688) drawprim: BMP: cannot open /sd/blinkensisters/V0.5.4/ADDON/Icy/sister_movenone.bmp[0m
[1;31mE (112818) selftest:   [Icy] level 5: FAILED in load: error 102: Can't read or understand image file | /sd/blinkensisters/V0.5.4/ADDON/Icy/explo9.png | ./main/game/fgobjects.cpp:107[0m
[0;33mW (112818) selftest:   [Icy] level 6: 8 warning/error log line(s), first: W (59798) drawprim: BMP: cannot open /sd/blinkensisters/V0.5.4/ADDON/Icy/sister_movenone.bmp[0m
[1;31mE (112818) selftest:   [Icy] level 7: FAILED in load: error 102: Can't read or understand image file | /sd/blinkensisters/V0.5.4/ADDON/Icy/wormhole64x64_0001.gif | ./main/game/fgobjects.cpp:107[0m
[0;33mW (112818) selftest:   [MZ_Escape] level 1: 7 warning/error log line(s), first: W (68208) drawprim: BMP: cannot open /sd/blinkensisters/V0.5.4/ADDON/MZ_Escape/sister_movenone.bmp[0m
[0;33mW (112828) selftest:   [MZ_Pnog] level 1: 10 warning/error log line(s), first: W (70108) drawprim: BMP: cannot open /sd/blinkensisters/V0.5.4/ADDON/MZ_Pnog/sister_movenone.bmp[0m
[0;33mW (112828) selftest:   [S23_IvoryTower] level 1: 7 warning/error log line(s), first: W (71698) drawprim: BMP: cannot open /sd/blinkensisters/V0.5.4/ADDON/S23_IvoryTower/sister_movenone.bmp[0m
[0;33mW (112828) selftest:   [S23_IvoryTower] level 2: 7 warning/error log line(s), first: W (72388) drawprim: BMP: cannot open /sd/blinkensisters/V0.5.4/ADDON/S23_IvoryTower/sister_movenone.bmp[0m
[0;33mW (112828) selftest:   [S23_IvoryTower] level 3: 7 warning/error log line(s), first: W (74628) drawprim: BMP: cannot open /sd/blinkensisters/V0.5.4/ADDON/S23_IvoryTower/sister_movenone.bmp[0m
[0;33mW (112828) selftest:   [S23_IvoryTower] level 4: 9 warning/error log line(s), first: W (76378) drawprim: BMP: cannot open /sd/blinkensisters/V0.5.4/ADDON/S23_IvoryTower/sister_movenone.bmp[0m
[1;31mE (112828) selftest:   [mz_xmas2007] level 1: FAILED in load: error 102: Can't read or understand image file | /sd/blinkensisters/V0.5.4/ADDON/mz_xmas2007/Schneeflo1k_0039.png | ./main/game/fgobjects.cpp:107[0m
[1;31mE (112828) selftest:   [mz_xmas2007] level 2: FAILED in load: error 102: Can't read or understand image file | /sd/blinkensisters/V0.5.4/ADDON/mz_xmas2007/Schneeflo1k_0034.png | ./main/game/fgobjects.cpp:107[0m
[1;31mE (112828) selftest:   [mz_xmas2007] level 3: FAILED in load: error 102: Can't read or understand image file | /sd/blinkensisters/V0.5.4/ADDON/mz_xmas2007/Schneeflo1k_0035.png | ./main/game/fgobjects.cpp:107[0m
[1;31mE (112828) selftest:   [mz_xmas2007] level 4: FAILED in load: error 102: Can't read or understand image file | /sd/blinkensisters/V0.5.4/ADDON/mz_xmas2007/Schneeflo1k_0036.png | ./main/game/fgobjects.cpp:107[0m
[1;31mE (112828) selftest:   [mz_xmas2007] level 5: FAILED in load: error 102: Can't read or understand image file | /sd/blinkensisters/V0.5.4/ADDON/mz_xmas2007/Schneeflo1k_0013.png | ./main/game/fgobjects.cpp:107[0m
[1;31mE (112828) selftest:   [mz_xmas2007] level 6: FAILED in load: error 102: Can't read or understand image file | /sd/blinkensisters/V0.5.4/ADDON/mz_xmas2007/Schneeflo1k_0030.png | ./main/game/fgobjects.cpp:107[0m
[1;31mE (112828) selftest:   [mz_xmas2007] level 7: FAILED in load: error 102: Can't read or understand image file | /sd/blinkensisters/V0.5.4/ADDON/mz_xmas2007/Schneeflo1k_0035.png | ./main/game/fgobjects.cpp:107[0m
[0;32mI (112828) selftest: ==== SELF-TEST END ====[0m


Project build complete. To flash, run:
 idf.py flash
or
 idf.py -p rfc2217://localhost:4001 flash
or
 idf.py -p PORT flash
or
 python -m esptool --chip esp32p4 -b 460800 --before default_reset --after hard_reset -p rfc2217://localhost:4001 write_flash --flash_mode dio --flash_size 16MB --flash_freq 80m 0x2000 build/tanmatsu/bootloader/bootloader.bin 0x8000 build/tanmatsu/partition_table/partition-table.bin 0x1d000 build/tanmatsu/ota_data_initial.bin 0x20000 build/tanmatsu/tanmatsu-blinkensisters.bin
or from the "/home/cavac/src/tanmatsu/tanmatsu-blinkensisters/build/tanmatsu" directory
 python -m esptool --chip esp32p4 -b 460800 --before default_reset --after hard_reset -p rfc2217://localhost:4001 write_flash "@flash_args"
